date,city,temperature_c,humidity_pct,wind_speed_kmh,precipitation_mm
2021-01-01,Greater Noida,9.8,67.2,7.8,39.2
2021-01-02,Greater Noida,-0.6,70.0,7.7,0.0
2021-01-03,Greater Noida,10.5,60.2,7.6,0.0
2021-01-04,Greater Noida,10.8,62.8,7.2,0.0
2021-01-05,Greater Noida,6.9,66.6,6.4,0.0
2021-01-06,Greater Noida,7.8,63.8,9.7,0.0
2021-01-07,Greater Noida,9.9,59.1,5.5,0.0
2021-01-08,Greater Noida,9.4,65.2,6.9,0.0
2021-01-09,Greater Noida,9.9,65.8,7.0,0.0
2021-01-10,Greater Noida,8.8,63.8,7.6,0.0
2021-01-11,Greater Noida,11.3,64.2,6.4,0.0
2021-01-12,Greater Noida,11.3,62.3,7.6,0.0
2021-01-13,Greater Noida,10.4,69.1,6.9,0.0
2021-01-14,Greater Noida,12.0,59.6,4.8,0.0
2021-01-15,Greater Noida,11.2,60.7,7.2,30.8
2021-01-16,Greater Noida,0.9,63.1,5.6,0.0
2021-01-17,Greater Noida,11.3,66.5,4.7,0.0
2021-01-18,Greater Noida,9.5,56.9,7.6,0.0
2021-01-19,Greater Noida,12.2,57.6,8.2,0.0
2021-01-20,Greater Noida,11.1,54.6,8.3,0.0
2021-01-21,Greater Noida,11.0,62.8,8.4,0.0
2021-01-22,Greater Noida,10.4,58.1,4.7,0.0
2021-01-23,Greater Noida,13.3,60.9,5.6,0.0
2021-01-24,Greater Noida,11.5,65.0,10.7,0.0
2021-01-25,Greater Noida,11.2,59.7,6.2,0.0
2021-01-26,Greater Noida,11.5,63.1,8.7,0.0
2021-01-27,Greater Noida,12.9,60.9,6.8,0.0
2021-01-28,Greater Noida,12.8,64.7,8.0,0.0
2021-01-29,Greater Noida,13.1,63.8,7.0,10.6
2021-01-30,Greater Noida,10.2,59.1,8.8,0.0
2021-01-31,Greater Noida,15.8,61.0,8.3,0.0
2021-02-01,Greater Noida,12.4,65.8,7.4,0.0
2021-02-02,Greater Noida,12.4,63.1,6.6,0.0
2021-02-03,Greater Noida,12.2,55.8,8.6,0.0
2021-02-04,Greater Noida,14.4,63.9,6.4,0.0
2021-02-05,Greater Noida,15.3,56.8,9.0,0.0
2021-02-06,Greater Noida,13.7,66.7,12.3,0.0
2021-02-07,Greater Noida,12.9,65.0,10.4,0.0
2021-02-08,Greater Noida,13.1,62.0,9.5,0.0
2021-02-09,Greater Noida,15.4,61.3,8.4,0.0
2021-02-10,Greater Noida,15.7,59.8,5.7,0.0
2021-02-11,Greater Noida,15.7,63.2,6.6,0.0
2021-02-12,Greater Noida,14.2,58.9,10.6,0.0
2021-02-13,Greater Noida,15.6,61.2,7.5,0.0
2021-02-14,Greater Noida,15.7,63.6,7.7,0.0
2021-02-15,Greater Noida,16.0,57.7,8.6,0.0
2021-02-16,Greater Noida,17.2,57.4,7.3,0.0
2021-02-17,Greater Noida,16.5,54.9,7.1,0.0
2021-02-18,Greater Noida,17.3,55.3,8.9,0.0
2021-02-19,Greater Noida,16.7,52.1,7.7,0.0
2021-02-20,Greater Noida,17.2,62.2,7.9,0.0
2021-02-21,Greater Noida,18.0,66.4,7.9,5.3
2021-02-22,Greater Noida,12.3,64.7,9.9,0.0
2021-02-23,Greater Noida,17.1,52.4,8.9,0.0
2021-02-24,Greater Noida,17.1,61.7,9.0,0.0
2021-02-25,Greater Noida,17.1,64.3,10.2,0.0
2021-02-26,Greater Noida,17.9,56.6,9.1,0.0
2021-02-27,Greater Noida,20.6,58.7,9.0,0.0
2021-02-28,Greater Noida,17.5,50.2,10.1,0.0
2021-03-01,Greater Noida,20.3,59.1,10.5,0.0
2021-03-02,Greater Noida,16.8,53.6,9.3,0.0
2021-03-03,Greater Noida,19.0,58.5,9.7,0.0
2021-03-04,Greater Noida,19.9,51.4,8.4,0.0
2021-03-05,Greater Noida,20.8,59.6,8.4,0.0
2021-03-06,Greater Noida,21.2,61.4,10.9,0.0
2021-03-07,Greater Noida,21.6,54.0,10.4,0.0
2021-03-08,Greater Noida,20.2,52.5,10.5,0.0
2021-03-09,Greater Noida,20.3,48.2,10.2,0.0
2021-03-10,Greater Noida,22.4,55.6,9.9,0.0
2021-03-11,Greater Noida,21.2,54.2,10.9,0.0
2021-03-12,Greater Noida,19.9,50.2,11.3,0.0
2021-03-13,Greater Noida,20.4,58.1,11.4,0.0
2021-03-14,Greater Noida,20.9,54.3,9.9,0.0
2021-03-15,Greater Noida,23.2,51.7,12.1,0.0
2021-03-16,Greater Noida,22.9,53.6,10.4,0.0
2021-03-17,Greater Noida,24.0,59.9,11.1,6.0
2021-03-18,Greater Noida,19.7,57.9,10.6,0.0
2021-03-19,Greater Noida,23.7,54.8,10.6,0.0
2021-03-20,Greater Noida,24.6,57.7,9.1,0.0
2021-03-21,Greater Noida,23.6,50.4,11.3,0.0
2021-03-22,Greater Noida,24.9,55.0,14.6,0.0
2021-03-23,Greater Noida,23.6,55.3,9.8,0.0
2021-03-24,Greater Noida,24.3,52.7,10.5,0.0
2021-03-25,Greater Noida,24.5,56.2,9.7,0.0
2021-03-26,Greater Noida,23.6,51.2,9.7,0.0
2021-03-27,Greater Noida,26.3,56.2,12.8,0.0
2021-03-28,Greater Noida,25.2,56.2,9.5,0.0
2021-03-29,Greater Noida,26.1,42.2,9.8,0.0
2021-03-30,Greater Noida,27.0,58.5,8.2,0.0
2021-03-31,Greater Noida,72.2,41.4,9.4,22.7
2021-04-01,Greater Noida,19.3,51.0,8.0,0.0
2021-04-02,Greater Noida,27.0,57.4,11.6,0.0
2021-04-03,Greater Noida,26.8,51.9,14.9,29.5
2021-04-04,Greater Noida,19.0,47.2,10.1,0.0
2021-04-05,Greater Noida,25.5,48.6,8.2,0.0
2021-04-06,Greater Noida,26.1,56.9,12.1,0.0
2021-04-07,Greater Noida,26.5,45.0,9.7,0.0
2021-04-08,Greater Noida,27.2,57.1,12.7,0.0
2021-04-09,Greater Noida,29.4,52.2,10.4,4.9
2021-04-10,Greater Noida,27.8,47.5,9.9,0.0
2021-04-11,Greater Noida,28.8,49.9,10.6,0.0
2021-04-12,Greater Noida,31.4,48.0,12.0,0.0
2021-04-13,Greater Noida,29.3,55.4,10.5,0.0
2021-04-14,Greater Noida,31.1,54.8,10.1,0.0
2021-04-15,Greater Noida,29.0,44.9,10.6,0.0
2021-04-16,Greater Noida,30.2,50.0,9.0,0.0
2021-04-17,Greater Noida,29.4,48.1,11.5,0.0
2021-04-18,Greater Noida,30.5,56.6,8.2,0.0
2021-04-19,Greater Noida,32.4,46.0,10.3,0.0
2021-04-20,Greater Noida,29.0,57.7,12.1,0.0
2021-04-21,Greater Noida,32.3,51.1,11.4,0.0
2021-04-22,Greater Noida,32.2,46.5,11.8,5.3
2021-04-23,Greater Noida,28.3,48.4,10.9,25.9
2021-04-24,Greater Noida,66.8,47.8,12.7,0.0
2021-04-25,Greater Noida,32.6,45.9,12.4,0.0
2021-04-26,Greater Noida,32.0,51.3,11.7,0.0
2021-04-27,Greater Noida,33.3,45.9,12.4,0.0
2021-04-28,Greater Noida,33.2,42.1,12.1,0.0
2021-04-29,Greater Noida,35.6,49.3,10.3,0.0
2021-04-30,Greater Noida,33.2,43.5,9.0,0.0
2021-05-01,Greater Noida,32.3,47.7,11.6,0.0
2021-05-02,Greater Noida,34.2,47.1,11.8,0.0
2021-05-03,Greater Noida,34.5,47.2,12.6,0.0
2021-05-04,Greater Noida,36.2,58.7,9.6,0.0
2021-05-05,Greater Noida,35.7,50.9,9.6,0.0
2021-05-06,Greater Noida,35.2,51.7,11.7,0.0
2021-05-07,Greater Noida,36.9,43.7,10.9,0.0
2021-05-08,Greater Noida,33.4,48.2,8.2,0.0
2021-05-09,Greater Noida,34.3,51.7,11.5,0.0
2021-05-10,Greater Noida,34.1,46.8,8.2,0.0
2021-05-11,Greater Noida,35.0,54.6,9.5,0.0
2021-05-12,Greater Noida,33.8,46.2,13.0,0.0
2021-05-13,Greater Noida,36.8,49.9,13.7,0.0
2021-05-14,Greater Noida,35.7,48.8,9.1,0.0
2021-05-15,Greater Noida,34.2,51.9,10.4,0.0
2021-05-16,Greater Noida,34.9,48.8,11.0,18.2
2021-05-17,Greater Noida,28.4,50.4,13.6,40.1
2021-05-18,Greater Noida,29.3,50.7,10.1,0.0
2021-05-19,Greater Noida,39.6,48.8,10.1,0.0
2021-05-20,Greater Noida,41.0,53.8,13.2,0.0
2021-05-21,Greater Noida,37.6,53.0,10.3,17.0
2021-05-22,Greater Noida,27.3,51.8,11.9,0.0
2021-05-23,Greater Noida,34.3,50.6,8.6,0.0
2021-05-24,Greater Noida,37.8,55.7,10.5,0.0
2021-05-25,Greater Noida,36.4,51.8,8.3,37.5
2021-05-26,Greater Noida,28.6,51.7,9.2,0.0
2021-05-27,Greater Noida,36.9,53.5,12.0,18.8
2021-05-28,Greater Noida,29.2,60.1,10.6,0.0
2021-05-29,Greater Noida,39.4,48.2,10.2,21.5
2021-05-30,Greater Noida,29.8,56.9,9.5,15.1
2021-05-31,Greater Noida,29.4,46.5,10.3,36.2
2021-06-01,Greater Noida,28.3,55.2,11.0,0.0
2021-06-02,Greater Noida,36.0,60.9,12.0,0.0
2021-06-03,Greater Noida,37.7,56.8,6.6,0.0
2021-06-04,Greater Noida,38.4,55.8,9.3,0.0
2021-06-05,Greater Noida,41.0,53.1,10.7,0.0
2021-06-06,Greater Noida,38.8,55.8,10.3,0.0
2021-06-07,Greater Noida,40.0,55.0,11.0,0.0
2021-06-08,Greater Noida,38.0,53.1,10.8,0.0
2021-06-09,Greater Noida,37.1,55.4,9.9,0.0
2021-06-10,Greater Noida,37.5,57.7,9.5,0.0
2021-06-11,Greater Noida,37.8,54.1,9.9,0.0
2021-06-12,Greater Noida,41.9,54.3,12.0,25.6
2021-06-13,Greater Noida,29.3,52.4,9.1,0.0
2021-06-14,Greater Noida,40.1,59.7,10.1,9.1
2021-06-15,Greater Noida,34.7,60.7,10.4,5.6
2021-06-16,Greater Noida,37.3,59.8,,0.0
2021-06-17,Greater Noida,39.6,63.0,9.6,0.0
2021-06-18,Greater Noida,38.8,59.9,11.5,0.0
2021-06-19,Greater Noida,39.0,61.4,11.9,3.9
2021-06-20,Greater Noida,38.1,61.4,9.9,0.0
2021-06-21,Greater Noida,39.7,60.2,9.6,0.0
2021-06-22,Greater Noida,38.4,58.7,9.4,0.0
2021-06-23,Greater Noida,37.3,70.0,9.5,0.0
2021-06-24,Greater Noida,37.2,59.7,11.1,22.6
2021-06-25,Greater Noida,30.8,59.2,10.1,0.0
2021-06-26,Greater Noida,41.2,63.9,10.1,0.0
2021-06-27,Greater Noida,39.2,63.5,8.0,0.0
2021-06-28,Greater Noida,38.8,57.2,8.2,0.0
2021-06-29,Greater Noida,39.3,67.6,12.8,7.5
2021-06-30,Greater Noida,37.7,63.0,9.3,0.0
2021-07-01,Greater Noida,39.1,59.2,8.3,0.0
2021-07-02,Greater Noida,38.2,68.7,11.6,10.8
2021-07-03,Greater Noida,37.3,66.7,9.8,17.0
2021-07-04,Greater Noida,30.7,59.4,10.2,0.0
2021-07-05,Greater Noida,40.7,71.9,9.1,0.0
2021-07-06,Greater Noida,38.8,67.6,8.8,10.4
2021-07-07,Greater Noida,33.7,65.2,9.0,0.0
2021-07-08,Greater Noida,36.5,71.8,7.1,0.0
2021-07-09,Greater Noida,40.6,66.3,9.0,12.9
2021-07-10,Greater Noida,37.6,65.7,9.5,21.4
2021-07-11,Greater Noida,29.4,63.4,11.8,0.0
2021-07-12,Greater Noida,37.5,68.6,9.1,0.0
2021-07-13,Greater Noida,40.0,68.3,5.4,0.0
2021-07-14,Greater Noida,36.3,66.6,8.8,30.4
2021-07-15,Greater Noida,28.0,63.5,13.0,0.0
2021-07-16,Greater Noida,38.5,67.3,10.1,0.0
2021-07-17,Greater Noida,37.0,66.6,7.5,0.0
2021-07-18,Greater Noida,37.4,61.7,9.6,12.7
2021-07-19,Greater Noida,34.0,61.2,7.5,0.0
2021-07-20,Greater Noida,37.6,69.4,6.6,9.5
2021-07-21,Greater Noida,36.0,56.8,8.0,15.9
2021-07-22,Greater Noida,28.5,68.1,8.6,0.0
2021-07-23,Greater Noida,37.7,65.3,5.6,0.0
2021-07-24,Greater Noida,33.7,72.5,6.7,27.8
2021-07-25,Greater Noida,27.9,65.3,8.4,0.0
2021-07-26,Greater Noida,35.1,69.9,7.7,50.0
2021-07-27,Greater Noida,26.0,65.6,8.8,30.6
2021-07-28,Greater Noida,26.3,67.6,6.4,8.0
2021-07-29,Greater Noida,32.4,70.1,9.2,4.0
2021-07-30,Greater Noida,37.0,65.2,6.3,0.0
2021-07-31,Greater Noida,33.7,71.0,10.5,0.0
2021-08-01,Greater Noida,35.4,62.9,5.4,0.0
2021-08-02,Greater Noida,34.5,68.0,6.3,1.9
2021-08-03,Greater Noida,34.6,70.4,8.5,3.0
2021-08-04,Greater Noida,36.3,69.2,10.3,19.2
2021-08-05,Greater Noida,26.9,74.1,8.2,0.0
2021-08-06,Greater Noida,36.4,63.2,8.6,9.0
2021-08-07,Greater Noida,31.1,60.6,7.7,0.0
2021-08-08,Greater Noida,33.1,62.0,6.1,0.0
2021-08-09,Greater Noida,33.6,68.4,6.8,0.0
2021-08-10,Greater Noida,34.1,67.6,5.7,21.3
2021-08-11,Greater Noida,25.3,65.9,5.5,11.2
2021-08-12,Greater Noida,28.8,60.8,8.0,0.0
2021-08-13,Greater Noida,33.2,68.1,5.7,0.0
2021-08-14,Greater Noida,33.2,60.0,7.8,4.6
2021-08-15,Greater Noida,36.2,69.3,5.3,0.0
2021-08-16,Greater Noida,35.1,75.9,7.7,0.0
2021-08-17,Greater Noida,31.1,65.7,6.4,0.0
2021-08-18,Greater Noida,31.7,66.4,9.2,4.6
2021-08-19,Greater Noida,29.8,61.9,7.6,28.6
2021-08-20,Greater Noida,,56.4,8.9,15.2
2021-08-21,Greater Noida,23.3,61.0,5.8,38.0
2021-08-22,Greater Noida,24.4,58.9,7.0,0.0
2021-08-23,Greater Noida,29.9,57.2,5.4,0.0
2021-08-24,Greater Noida,29.8,69.7,6.2,0.0
2021-08-25,Greater Noida,27.5,63.7,6.4,0.0
2021-08-26,Greater Noida,30.0,63.9,5.6,5.6
2021-08-27,Greater Noida,25.5,61.0,4.9,9.3
2021-08-28,Greater Noida,26.0,61.3,4.5,0.0
2021-08-29,Greater Noida,28.3,65.7,3.1,0.0
2021-08-30,Greater Noida,29.2,61.5,5.0,0.0
2021-08-31,Greater Noida,26.6,63.5,7.4,11.1
2021-09-01,Greater Noida,23.8,60.5,4.1,20.8
2021-09-02,Greater Noida,23.0,59.7,4.4,4.5
2021-09-03,Greater Noida,-13.5,55.3,9.1,0.0
2021-09-04,Greater Noida,26.5,52.8,5.4,0.0
2021-09-05,Greater Noida,30.4,59.5,6.8,0.0
2021-09-06,Greater Noida,31.6,60.6,7.2,0.0
2021-09-07,Greater Noida,25.7,55.1,7.2,5.7
2021-09-08,Greater Noida,23.5,60.0,3.9,0.0
2021-09-09,Greater Noida,27.3,60.2,5.8,12.9
2021-09-10,Greater Noida,26.0,51.2,3.7,0.0
2021-09-11,Greater Noida,24.9,56.1,9.7,0.0
2021-09-12,Greater Noida,25.7,61.3,3.6,0.0
2021-09-13,Greater Noida,26.9,61.1,4.4,0.0
2021-09-14,Greater Noida,26.1,54.8,4.4,0.0
2021-09-15,Greater Noida,24.8,60.0,3.6,0.0
2021-09-16,Greater Noida,24.8,63.4,7.9,17.2
2021-09-17,Greater Noida,14.3,62.3,9.5,11.5
2021-09-18,Greater Noida,21.2,58.7,5.1,0.0
2021-09-19,Greater Noida,23.9,57.2,3.8,0.0
2021-09-20,Greater Noida,24.3,56.5,2.4,20.5
2021-09-21,Greater Noida,14.5,60.8,5.3,10.0
2021-09-22,Greater Noida,21.1,59.7,5.2,2.9
2021-09-23,Greater Noida,24.6,61.4,4.6,0.0
2021-09-24,Greater Noida,23.2,59.4,5.9,0.0
2021-09-25,Greater Noida,23.2,62.1,6.1,0.0
2021-09-26,Greater Noida,22.5,59.2,6.0,0.0
2021-09-27,Greater Noida,22.2,62.0,5.0,0.0
2021-09-28,Greater Noida,20.9,62.3,3.8,0.0
2021-09-29,Greater Noida,22.1,55.6,6.4,0.0
2021-09-30,Greater Noida,21.3,51.6,5.4,0.0
2021-10-01,Greater Noida,24.1,65.1,6.7,0.0
2021-10-02,Greater Noida,23.1,59.9,6.5,0.0
2021-10-03,Greater Noida,21.2,52.1,3.2,22.2
2021-10-04,Greater Noida,10.9,56.1,3.2,0.0
2021-10-05,Greater Noida,18.6,62.1,4.2,0.0
2021-10-06,Greater Noida,21.6,57.9,3.7,0.0
2021-10-07,Greater Noida,20.0,57.1,6.4,37.4
2021-10-08,Greater Noida,11.6,64.8,5.8,0.0
2021-10-09,Greater Noida,16.7,55.0,6.9,0.0
2021-10-10,Greater Noida,,56.1,5.8,0.0
2021-10-11,Greater Noida,19.3,60.2,5.5,0.0
2021-10-12,Greater Noida,16.9,61.0,7.0,19.9
2021-10-13,Greater Noida,9.1,61.5,5.8,0.0
2021-10-14,Greater Noida,18.4,63.2,5.2,0.0
2021-10-15,Greater Noida,17.8,60.4,7.3,0.0
2021-10-16,Greater Noida,17.1,61.7,5.3,0.0
2021-10-17,Greater Noida,17.1,58.8,4.6,7.0
2021-10-18,Greater Noida,13.7,60.2,3.8,0.0
2021-10-19,Greater Noida,17.0,60.4,6.1,17.8
2021-10-20,Greater Noida,10.2,60.9,6.9,0.0
2021-10-21,Greater Noida,12.8,63.3,5.0,0.0
2021-10-22,Greater Noida,15.8,62.5,7.0,0.0
2021-10-23,Greater Noida,16.2,60.5,2.1,0.0
2021-10-24,Greater Noida,16.1,57.2,4.9,0.0
2021-10-25,Greater Noida,15.0,60.8,5.0,0.0
2021-10-26,Greater Noida,12.9,60.5,3.9,0.0
2021-10-27,Greater Noida,15.6,61.5,8.6,0.0
2021-10-28,Greater Noida,17.3,69.7,4.9,0.0
2021-10-29,Greater Noida,12.6,58.8,4.4,0.0
2021-10-30,Greater Noida,15.7,62.7,5.0,0.0
2021-10-31,Greater Noida,13.8,65.4,2.0,0.0
2021-11-01,Greater Noida,14.0,61.6,3.9,0.0
2021-11-02,Greater Noida,12.4,70.7,6.5,0.0
2021-11-03,Greater Noida,13.3,59.9,4.1,0.0
2021-11-04,Greater Noida,15.4,62.8,3.8,0.0
2021-11-05,Greater Noida,14.2,58.4,7.0,0.0
2021-11-06,Greater Noida,15.6,60.3,7.0,0.0
2021-11-07,Greater Noida,14.7,62.8,5.8,0.0
2021-11-08,Greater Noida,13.5,65.3,4.3,20.8
2021-11-09,Greater Noida,6.6,63.2,4.7,0.0
2021-11-10,Greater Noida,13.1,67.1,3.8,0.0
2021-11-11,Greater Noida,13.5,61.8,3.6,0.0
2021-11-12,Greater Noida,11.8,60.9,3.5,0.0
2021-11-13,Greater Noida,12.1,73.1,4.1,0.0
2021-11-14,Greater Noida,10.9,64.0,3.5,0.0
2021-11-15,Greater Noida,13.1,59.6,2.8,0.0
2021-11-16,Greater Noida,,,5.4,22.5
2021-11-17,Greater Noida,4.0,58.9,5.5,0.0
2021-11-18,Greater Noida,11.0,66.5,7.7,0.0
2021-11-19,Greater Noida,12.8,61.3,4.2,0.0
2021-11-20,Greater Noida,12.1,63.4,5.6,0.0
2021-11-21,Greater Noida,13.5,62.7,5.7,0.0
2021-11-22,Greater Noida,11.8,65.9,4.8,0.0
2021-11-23,Greater Noida,8.5,59.7,6.3,0.0
2021-11-24,Greater Noida,10.5,58.8,6.4,0.0
2021-11-25,Greater Noida,8.8,64.1,5.8,0.0
2021-11-26,Greater Noida,9.6,65.7,4.9,0.0
2021-11-27,Greater Noida,12.4,64.7,4.8,0.0
2021-11-28,Greater Noida,11.1,60.1,3.3,0.0
2021-11-29,Greater Noida,9.1,66.1,4.2,0.0
2021-11-30,Greater Noida,8.6,60.5,4.5,0.0
2021-12-01,Greater Noida,9.9,61.5,3.7,17.2
2021-12-02,Greater Noida,-0.4,59.8,6.1,0.0
2021-12-03,Greater Noida,8.8,68.8,7.3,0.0
2021-12-04,Greater Noida,10.1,66.2,4.1,0.0
2021-12-05,Greater Noida,11.2,66.1,6.0,0.0
2021-12-06,Greater Noida,10.4,68.7,4.0,0.0
2021-12-07,Greater Noida,8.1,75.0,5.1,0.0
2021-12-08,Greater Noida,9.9,57.0,4.6,0.0
2021-12-09,Greater Noida,9.5,60.9,6.6,0.0
2021-12-10,Greater Noida,9.9,61.4,4.7,2.5
2021-12-11,Greater Noida,11.6,60.5,7.2,0.0
2021-12-12,Greater Noida,6.4,59.6,5.4,0.0
2021-12-13,Greater Noida,8.4,62.7,4.8,0.0
2021-12-14,Greater Noida,10.0,59.1,3.9,0.0
2021-12-15,Greater Noida,7.0,65.3,6.2,0.0
2021-12-16,Greater Noida,11.2,64.2,7.2,0.0
2021-12-17,Greater Noida,9.6,65.9,6.3,37.5
2021-12-18,Greater Noida,1.8,66.0,9.3,0.0
2021-12-19,Greater Noida,8.3,66.4,8.2,0.0
2021-12-20,Greater Noida,10.3,62.5,5.6,0.0
2021-12-21,Greater Noida,10.6,72.5,5.6,0.0
2021-12-22,Greater Noida,9.5,64.9,6.8,0.0
2021-12-23,Greater Noida,9.5,56.5,4.9,0.0
2021-12-24,Greater Noida,9.5,60.0,8.0,0.0
2021-12-25,Greater Noida,8.0,57.0,6.8,0.0
2021-12-26,Greater Noida,9.0,64.0,6.7,0.0
2021-12-27,Greater Noida,9.0,63.4,7.4,0.0
2021-12-28,Greater Noida,9.8,62.0,9.0,7.7
2021-12-29,Greater Noida,7.7,71.9,6.7,0.0
2021-12-30,Greater Noida,7.9,66.1,6.3,0.0
2021-12-31,Greater Noida,9.2,66.7,8.8,0.0
2022-01-01,Greater Noida,11.5,60.1,8.0,0.0
2022-01-02,Greater Noida,8.5,59.8,6.1,0.0
2022-01-03,Greater Noida,8.4,63.9,6.7,0.0
2022-01-04,Greater Noida,9.9,64.4,7.0,0.0
2022-01-05,Greater Noida,10.9,56.2,7.3,0.0
2022-01-06,Greater Noida,-30.2,62.9,4.8,0.0
2022-01-07,Greater Noida,11.7,63.6,4.5,0.0
2022-01-08,Greater Noida,11.1,62.6,5.6,0.0
2022-01-09,Greater Noida,11.2,60.2,5.5,0.0
2022-01-10,Greater Noida,10.9,61.2,6.0,0.0
2022-01-11,Greater Noida,13.5,62.6,8.0,0.0
2022-01-12,Greater Noida,10.0,63.6,6.8,6.8
2022-01-13,Greater Noida,4.6,65.6,7.4,0.0
2022-01-14,Greater Noida,12.8,67.5,5.3,0.0
2022-01-15,Greater Noida,10.0,61.9,6.5,0.0
2022-01-16,Greater Noida,10.9,61.2,8.2,0.0
2022-01-17,Greater Noida,12.7,64.7,8.2,0.0
2022-01-18,Greater Noida,8.7,65.3,6.3,0.0
2022-01-19,Greater Noida,9.4,61.1,7.7,0.0
2022-01-20,Greater Noida,9.0,65.9,10.8,0.0
2022-01-21,Greater Noida,10.3,66.6,7.5,0.0
2022-01-22,Greater Noida,12.1,67.7,6.5,0.0
2022-01-23,Greater Noida,12.4,69.6,7.4,0.0
2022-01-24,Greater Noida,12.2,58.9,7.8,0.0
2022-01-25,Greater Noida,10.0,62.4,7.5,0.0
2022-01-26,Greater Noida,8.9,62.3,7.7,0.0
2022-01-27,Greater Noida,12.3,61.7,5.7,0.0
2022-01-28,Greater Noida,11.8,59.4,6.5,0.0
2022-01-29,Greater Noida,13.2,56.0,7.7,0.0
2022-01-30,Greater Noida,13.7,62.2,7.8,0.0
2022-01-31,Greater Noida,13.1,58.6,7.2,0.0
2022-02-01,Greater Noida,14.2,62.0,7.8,0.0
2022-02-02,Greater Noida,13.6,58.3,8.2,0.0
2022-02-03,Greater Noida,14.2,57.0,9.5,0.0
2022-02-04,Greater Noida,12.7,62.2,8.1,0.0
2022-02-05,Greater Noida,13.6,61.8,8.9,0.0
2022-02-06,Greater Noida,14.3,63.4,7.5,0.0
2022-02-07,Greater Noida,15.4,69.7,9.3,22.1
2022-02-08,Greater Noida,5.4,61.9,9.0,0.0
2022-02-09,Greater Noida,15.3,62.7,9.8,0.0
2022-02-10,Greater Noida,14.4,56.3,9.6,0.0
2022-02-11,Greater Noida,14.8,55.3,9.5,0.0
2022-02-12,Greater Noida,16.4,66.7,8.5,0.0
2022-02-13,Greater Noida,12.6,56.5,9.1,0.0
2022-02-14,Greater Noida,13.8,55.9,10.4,0.0
2022-02-15,Greater Noida,13.8,59.8,7.8,0.0
2022-02-16,Greater Noida,12.8,59.5,7.9,0.0
2022-02-17,Greater Noida,15.3,56.1,9.2,0.0
2022-02-18,Greater Noida,17.6,58.4,9.6,0.0
2022-02-19,Greater Noida,16.3,64.4,7.8,0.0
2022-02-20,Greater Noida,17.2,56.1,8.9,0.0
2022-02-21,Greater Noida,18.7,53.6,9.0,0.0
2022-02-22,Greater Noida,19.3,62.8,5.8,0.0
2022-02-23,Greater Noida,17.6,60.9,8.9,0.0
2022-02-24,Greater Noida,19.8,56.3,9.0,0.0
2022-02-25,Greater Noida,18.2,52.3,9.1,0.0
2022-02-26,Greater Noida,17.2,55.5,11.5,0.0
2022-02-27,Greater Noida,17.8,58.1,7.6,0.0
2022-02-28,Greater Noida,16.8,62.8,8.2,4.8
2022-03-01,Greater Noida,17.8,53.9,5.6,0.0
2022-03-02,Greater Noida,18.8,57.6,8.8,0.0
2022-03-03,Greater Noida,20.7,60.5,9.0,0.0
2022-03-04,Greater Noida,22.2,48.1,8.8,0.0
2022-03-05,Greater Noida,18.1,61.6,11.3,0.0
2022-03-06,Greater Noida,20.9,52.6,11.0,0.0
2022-03-07,Greater Noida,19.1,58.5,9.9,0.0
2022-03-08,Greater Noida,21.5,58.0,9.2,5.7
2022-03-09,Greater Noida,17.9,61.2,11.4,0.0
2022-03-10,Greater Noida,18.8,58.9,9.8,0.0
2022-03-11,Greater Noida,22.9,47.1,8.7,0.0
2022-03-12,Greater Noida,21.0,53.3,7.4,0.0
2022-03-13,Greater Noida,21.3,56.8,9.3,0.0
2022-03-14,Greater Noida,20.8,55.3,11.2,0.0
2022-03-15,Greater Noida,21.7,57.9,13.5,0.0
2022-03-16,Greater Noida,23.5,59.0,10.2,0.0
2022-03-17,Greater Noida,22.8,58.1,9.0,0.0
2022-03-18,Greater Noida,23.8,54.6,8.4,0.0
2022-03-19,Greater Noida,24.1,48.0,11.0,0.0
2022-03-20,Greater Noida,25.7,53.4,7.6,0.0
2022-03-21,Greater Noida,23.7,56.7,11.1,19.3
2022-03-22,Greater Noida,13.8,50.5,11.5,8.2
2022-03-23,Greater Noida,23.2,57.3,11.0,0.0
2022-03-24,Greater Noida,24.5,58.2,10.0,0.0
2022-03-25,Greater Noida,26.7,55.0,11.3,0.0
2022-03-26,Greater Noida,26.0,42.1,10.7,0.0
2022-03-27,Greater Noida,25.5,49.1,9.3,0.0
2022-03-28,Greater Noida,26.4,61.6,13.3,0.0
2022-03-29,Greater Noida,28.9,51.7,,0.0
2022-03-30,Greater Noida,29.4,45.8,11.7,0.0
2022-03-31,Greater Noida,26.8,58.5,6.9,0.0
2022-04-01,Greater Noida,27.2,53.5,12.5,0.0
2022-04-02,Greater Noida,28.7,57.7,12.8,0.0
2022-04-03,Greater Noida,26.3,54.3,10.7,0.0
2022-04-04,Greater Noida,28.2,54.9,11.5,0.0
2022-04-05,Greater Noida,27.9,54.4,11.5,0.0
2022-04-06,Greater Noida,28.7,55.6,9.8,0.0
2022-04-07,Greater Noida,27.3,61.8,11.6,20.0
2022-04-08,Greater Noida,18.0,56.4,9.5,28.3
2022-04-09,Greater Noida,17.6,46.1,9.9,0.0
2022-04-10,Greater Noida,27.6,54.1,12.5,0.0
2022-04-11,Greater Noida,28.8,56.8,12.3,0.0
2022-04-12,Greater Noida,29.3,56.9,9.8,0.0
2022-04-13,Greater Noida,32.6,50.3,9.8,0.0
2022-04-14,Greater Noida,31.7,56.5,9.9,4.8
2022-04-15,Greater Noida,29.1,55.5,12.0,0.0
2022-04-16,Greater Noida,31.1,61.9,9.4,0.0
2022-04-17,Greater Noida,30.3,48.6,11.4,20.4
2022-04-18,Greater Noida,22.2,49.4,12.0,0.0
2022-04-19,Greater Noida,31.6,50.2,10.8,4.9
2022-04-20,Greater Noida,32.4,49.3,12.5,0.0
2022-04-21,Greater Noida,31.3,47.7,10.5,0.0
2022-04-22,Greater Noida,33.5,40.1,10.6,0.0
2022-04-23,Greater Noida,30.6,49.3,9.5,0.0
2022-04-24,Greater Noida,32.4,52.5,12.5,0.0
2022-04-25,Greater Noida,36.3,49.0,9.8,0.0
2022-04-26,Greater Noida,33.2,58.6,11.5,18.6
2022-04-27,Greater Noida,26.6,50.9,10.9,0.0
2022-04-28,Greater Noida,33.4,56.0,9.4,0.0
2022-04-29,Greater Noida,34.3,51.8,10.1,0.0
2022-04-30,Greater Noida,33.6,54.1,13.1,0.0
2022-05-01,Greater Noida,33.6,51.8,11.3,0.0
2022-05-02,Greater Noida,33.0,56.2,9.5,17.9
2022-05-03,Greater Noida,26.4,50.9,11.5,0.0
2022-05-04,Greater Noida,33.3,52.7,10.8,0.0
2022-05-05,Greater Noida,35.6,52.2,16.2,0.0
2022-05-06,Greater Noida,36.3,49.6,11.4,0.0
2022-05-07,Greater Noida,35.5,52.4,10.4,0.0
2022-05-08,Greater Noida,34.8,59.7,13.1,0.0
2022-05-09,Greater Noida,36.0,49.8,8.2,0.0
2022-05-10,Greater Noida,35.1,52.6,11.1,0.0
2022-05-11,Greater Noida,37.0,56.0,14.0,0.0
2022-05-12,Greater Noida,33.3,55.6,10.8,0.0
2022-05-13,Greater Noida,35.6,51.1,8.3,12.9
2022-05-14,Greater Noida,30.4,41.6,10.3,0.0
2022-05-15,Greater Noida,34.2,53.3,13.1,0.0
2022-05-16,Greater Noida,38.4,42.5,11.5,10.1
2022-05-17,Greater Noida,34.9,57.4,9.6,0.0
2022-05-18,Greater Noida,35.8,52.3,9.8,0.0
2022-05-19,Greater Noida,34.8,55.7,10.0,0.0
2022-05-20,Greater Noida,32.9,48.3,11.4,0.0
2022-05-21,Greater Noida,36.4,45.8,12.8,0.0
2022-05-22,Greater Noida,40.7,53.2,12.4,0.0
2022-05-23,Greater Noida,38.0,52.2,11.5,9.8
2022-05-24,Greater Noida,33.8,50.6,8.8,0.0
2022-05-25,Greater Noida,38.3,53.1,8.8,5.4
2022-05-26,Greater Noida,32.6,64.0,11.5,7.7
2022-05-27,Greater Noida,34.5,56.5,8.7,0.0
2022-05-28,Greater Noida,38.1,57.5,10.4,0.0
2022-05-29,Greater Noida,38.0,56.9,11.1,0.0
2022-05-30,Greater Noida,39.3,59.7,8.9,12.6
2022-05-31,Greater Noida,35.7,53.3,9.1,0.0
2022-06-01,Greater Noida,39.3,46.1,10.5,28.4
2022-06-02,Greater Noida,29.0,53.8,11.3,20.1
2022-06-03,Greater Noida,31.3,58.1,12.1,0.0
2022-06-04,Greater Noida,40.9,51.2,11.4,3.4
2022-06-05,Greater Noida,37.3,54.7,10.6,8.8
2022-06-06,Greater Noida,34.5,52.9,9.3,0.0
2022-06-07,Greater Noida,40.7,62.0,8.8,0.0
2022-06-08,Greater Noida,38.6,59.3,9.6,8.0
2022-06-09,Greater Noida,37.9,59.2,11.0,18.9
2022-06-10,Greater Noida,29.8,59.4,10.8,21.9
2022-06-11,Greater Noida,32.5,57.1,7.1,0.0
2022-06-12,Greater Noida,39.2,58.3,9.1,8.3
2022-06-13,Greater Noida,36.4,53.1,12.0,11.0
2022-06-14,Greater Noida,38.3,49.4,10.3,0.0
2022-06-15,Greater Noida,38.6,59.1,8.0,24.4
2022-06-16,Greater Noida,29.3,60.1,13.7,52.6
2022-06-17,Greater Noida,30.0,64.0,10.0,38.3
2022-06-18,Greater Noida,31.3,65.8,10.6,0.0
2022-06-19,Greater Noida,37.0,66.1,10.6,0.0
2022-06-20,Greater Noida,40.1,56.2,9.4,0.0
2022-06-21,Greater Noida,38.4,59.1,8.8,0.0
2022-06-22,Greater Noida,40.8,62.8,13.1,8.1
2022-06-23,Greater Noida,32.8,71.3,11.4,0.0
2022-06-24,Greater Noida,38.0,67.4,11.0,0.0
2022-06-25,Greater Noida,36.8,66.3,10.6,0.0
2022-06-26,Greater Noida,37.9,60.6,8.2,0.0
2022-06-27,Greater Noida,39.4,58.9,11.6,4.1
2022-06-28,Greater Noida,38.8,65.9,8.4,0.8
2022-06-29,Greater Noida,38.7,58.7,10.0,41.9
2022-06-30,Greater Noida,30.2,62.4,7.1,14.3
2022-07-01,Greater Noida,36.2,63.2,6.4,10.5
2022-07-02,Greater Noida,34.5,70.3,9.9,8.7
2022-07-03,Greater Noida,36.8,62.8,8.2,13.2
2022-07-04,Greater Noida,36.7,54.7,6.4,0.0
2022-07-05,Greater Noida,39.2,66.8,10.1,0.0
2022-07-06,Greater Noida,39.4,62.2,12.5,0.0
2022-07-07,Greater Noida,39.0,65.4,11.3,33.3
2022-07-08,Greater Noida,32.8,65.1,8.8,0.0
2022-07-09,Greater Noida,38.3,64.6,9.2,0.0
2022-07-10,Greater Noida,37.9,69.0,10.4,0.0
2022-07-11,Greater Noida,37.2,59.9,10.7,0.0
2022-07-12,Greater Noida,36.7,64.2,8.5,6.8
2022-07-13,Greater Noida,33.3,69.1,9.0,17.1
2022-07-14,Greater Noida,28.2,64.1,9.3,0.0
2022-07-15,Greater Noida,37.8,60.2,9.7,0.0
2022-07-16,Greater Noida,38.2,69.5,8.6,7.1
2022-07-17,Greater Noida,34.7,71.4,8.6,4.6
2022-07-18,Greater Noida,36.4,66.8,10.8,9.7
2022-07-19,Greater Noida,35.7,59.2,10.5,19.2
2022-07-20,Greater Noida,29.8,70.0,9.3,0.0
2022-07-21,Greater Noida,36.9,60.6,11.1,0.0
2022-07-22,Greater Noida,36.1,68.5,7.9,14.9
2022-07-23,Greater Noida,34.6,63.7,10.9,15.3
2022-07-24,Greater Noida,,62.6,9.2,14.5
2022-07-25,Greater Noida,31.6,65.5,13.2,26.7
2022-07-26,Greater Noida,27.9,66.5,6.5,23.3
2022-07-27,Greater Noida,28.2,64.6,7.2,0.0
2022-07-28,Greater Noida,34.9,69.5,8.8,0.0
2022-07-29,Greater Noida,36.3,65.3,8.7,25.5
2022-07-30,Greater Noida,25.3,71.0,11.0,0.0
2022-07-31,Greater Noida,37.5,68.1,7.0,0.0
2022-08-01,Greater Noida,37.2,64.1,9.3,15.9
2022-08-02,Greater Noida,26.5,63.3,9.7,0.0
2022-08-03,Greater Noida,35.7,60.1,8.9,0.0
2022-08-04,Greater Noida,31.6,67.7,6.4,0.0
2022-08-05,Greater Noida,33.2,65.0,9.9,14.2
2022-08-06,Greater Noida,31.2,56.8,9.6,7.3
2022-08-07,Greater Noida,29.9,64.0,8.6,16.8
2022-08-08,Greater Noida,26.7,62.4,7.9,22.7
2022-08-09,Greater Noida,28.3,72.1,7.9,26.2
2022-08-10,Greater Noida,23.7,58.8,7.4,0.0
2022-08-11,Greater Noida,32.5,59.7,8.4,34.9
2022-08-12,Greater Noida,25.3,69.7,7.5,22.1
2022-08-13,Greater Noida,27.0,70.5,6.1,0.0
2022-08-14,Greater Noida,31.3,61.9,5.7,0.0
2022-08-15,Greater Noida,33.2,62.1,6.1,0.0
2022-08-16,Greater Noida,35.2,66.9,7.5,0.0
2022-08-17,Greater Noida,30.1,55.0,7.1,10.7
2022-08-18,Greater Noida,27.4,56.6,7.4,22.6
2022-08-19,Greater Noida,22.9,62.7,7.8,0.0
2022-08-20,Greater Noida,31.0,69.8,6.1,8.5
2022-08-21,Greater Noida,29.7,61.7,9.2,3.7
2022-08-22,Greater Noida,31.6,63.6,6.5,22.2
2022-08-23,Greater Noida,20.1,67.5,6.2,0.0
2022-08-24,Greater Noida,31.6,71.2,7.5,13.5
2022-08-25,Greater Noida,26.8,60.3,4.0,0.0
2022-08-26,Greater Noida,32.1,62.3,5.5,0.0
2022-08-27,Greater Noida,29.2,69.5,8.2,0.0
2022-08-28,Greater Noida,29.0,55.9,4.0,15.5
2022-08-29,Greater Noida,21.9,65.9,8.3,4.0
2022-08-30,Greater Noida,30.5,57.5,8.8,0.0
2022-08-31,Greater Noida,29.8,61.8,5.9,0.0
2022-09-01,Greater Noida,26.6,60.3,6.9,14.2
2022-09-02,Greater Noida,26.4,57.2,8.1,0.0
2022-09-03,Greater Noida,27.0,57.0,5.7,0.0
2022-09-04,Greater Noida,28.5,61.8,7.6,16.4
2022-09-05,Greater Noida,17.4,64.6,5.3,0.0
2022-09-06,Greater Noida,28.3,59.9,5.5,9.5
2022-09-07,Greater Noida,23.3,60.6,5.0,0.0
2022-09-08,Greater Noida,25.4,62.4,6.7,35.4
2022-09-09,Greater Noida,19.4,56.1,7.9,0.0
2022-09-10,Greater Noida,27.0,62.8,5.8,0.0
2022-09-11,Greater Noida,25.6,63.0,4.1,0.0
2022-09-12,Greater Noida,28.2,70.1,4.4,0.0
2022-09-13,Greater Noida,25.3,58.0,6.6,0.0
2022-09-14,Greater Noida,25.7,57.6,8.7,0.0
2022-09-15,Greater Noida,25.8,62.4,6.5,0.0
2022-09-16,Greater Noida,24.3,62.5,5.3,0.0
2022-09-17,Greater Noida,25.5,57.1,7.0,0.0
2022-09-18,Greater Noida,23.9,57.5,5.4,14.4
2022-09-19,Greater Noida,20.8,61.2,5.2,0.0
2022-09-20,Greater Noida,26.0,55.7,4.3,0.0
2022-09-21,Greater Noida,22.4,57.3,7.8,0.0
2022-09-22,Greater Noida,20.2,59.3,1.8,0.0
2022-09-23,Greater Noida,25.6,62.9,6.8,0.0
2022-09-24,Greater Noida,26.6,56.5,4.9,0.0
2022-09-25,Greater Noida,67.3,51.5,4.9,16.6
2022-09-26,Greater Noida,11.4,51.2,8.1,0.0
2022-09-27,Greater Noida,21.9,53.8,4.4,0.0
2022-09-28,Greater Noida,21.7,53.6,4.4,30.2
2022-09-29,Greater Noida,13.0,58.2,5.2,0.0
2022-09-30,Greater Noida,20.0,54.1,6.0,0.0
2022-10-01,Greater Noida,22.1,56.1,4.7,0.0
2022-10-02,Greater Noida,21.8,55.8,3.0,0.0
2022-10-03,Greater Noida,18.7,57.2,4.0,0.0
2022-10-04,Greater Noida,21.5,64.3,7.2,0.0
2022-10-05,Greater Noida,23.2,61.7,5.4,0.0
2022-10-06,Greater Noida,,59.1,5.9,0.0
2022-10-07,Greater Noida,19.3,57.3,4.9,0.0
2022-10-08,Greater Noida,19.4,57.4,4.2,0.0
2022-10-09,Greater Noida,20.2,60.5,7.7,0.0
2022-10-10,Greater Noida,16.6,61.6,4.9,0.0
2022-10-11,Greater Noida,19.1,55.7,4.5,0.0
2022-10-12,Greater Noida,18.0,59.6,6.8,0.0
2022-10-13,Greater Noida,20.9,51.4,4.1,0.0
2022-10-14,Greater Noida,17.9,60.4,4.2,0.0
2022-10-15,Greater Noida,20.2,62.7,5.1,1.6
2022-10-16,Greater Noida,16.1,58.6,5.1,0.0
2022-10-17,Greater Noida,18.2,67.1,5.5,0.0
2022-10-18,Greater Noida,17.6,56.4,8.2,0.0
2022-10-19,Greater Noida,15.7,60.9,5.6,2.0
2022-10-20,Greater Noida,17.0,59.9,1.5,0.0
2022-10-21,Greater Noida,18.2,59.8,5.5,12.2
2022-10-22,Greater Noida,12.8,59.8,5.1,20.5
2022-10-23,Greater Noida,5.2,60.8,,0.0
2022-10-24,Greater Noida,15.8,63.8,5.4,0.0
2022-10-25,Greater Noida,14.4,66.1,5.0,0.0
2022-10-26,Greater Noida,15.0,60.6,4.9,11.9
2022-10-27,Greater Noida,12.1,64.0,5.9,13.6
2022-10-28,Greater Noida,9.6,58.0,4.2,0.0
2022-10-29,Greater Noida,12.6,64.0,3.6,0.0
2022-10-30,Greater Noida,15.3,58.0,9.5,0.0
2022-10-31,Greater Noida,13.7,65.5,3.9,0.0
2022-11-01,Greater Noida,10.6,70.1,5.2,51.1
2022-11-02,Greater Noida,6.6,60.8,2.8,0.0
2022-11-03,Greater Noida,14.2,52.6,5.2,0.0
2022-11-04,Greater Noida,12.7,59.3,3.6,0.0
2022-11-05,Greater Noida,11.6,66.5,4.3,0.0
2022-11-06,Greater Noida,14.5,63.9,6.6,0.0
2022-11-07,Greater Noida,13.6,62.8,5.7,0.0
2022-11-08,Greater Noida,16.3,65.9,5.9,0.0
2022-11-09,Greater Noida,13.4,63.9,2.4,0.0
2022-11-10,Greater Noida,13.2,,,0.0
2022-11-11,Greater Noida,12.2,65.8,3.3,0.0
2022-11-12,Greater Noida,13.4,68.3,7.4,0.0
2022-11-13,Greater Noida,13.0,63.8,6.6,0.0
2022-11-14,Greater Noida,13.8,66.0,6.0,0.0
2022-11-15,Greater Noida,11.1,61.3,3.8,0.0
2022-11-16,Greater Noida,11.1,60.2,5.3,0.0
2022-11-17,Greater Noida,10.9,,,0.0
2022-11-18,Greater Noida,12.5,63.6,5.2,0.0
2022-11-19,Greater Noida,13.4,66.0,4.8,0.0
2022-11-20,Greater Noida,10.5,63.4,2.1,0.0
2022-11-21,Greater Noida,10.5,60.6,6.9,0.0
2022-11-22,Greater Noida,11.4,63.1,5.1,0.0
2022-11-23,Greater Noida,10.5,68.8,4.5,0.0
2022-11-24,Greater Noida,12.0,65.4,4.4,0.0
2022-11-25,Greater Noida,7.4,56.4,5.8,0.0
2022-11-26,Greater Noida,9.3,62.4,4.0,0.0
2022-11-27,Greater Noida,9.3,70.5,1.9,0.0
2022-11-28,Greater Noida,7.0,62.5,6.0,0.0
2022-11-29,Greater Noida,8.8,56.2,6.1,0.0
2022-11-30,Greater Noida,8.8,71.1,5.1,0.0
2022-12-01,Greater Noida,9.7,66.3,3.7,0.0
2022-12-02,Greater Noida,11.5,63.3,5.6,0.0
2022-12-03,Greater Noida,9.5,62.1,3.3,0.0
2022-12-04,Greater Noida,8.3,68.0,4.0,0.0
2022-12-05,Greater Noida,9.6,61.5,4.4,0.0
2022-12-06,Greater Noida,11.1,68.3,6.8,0.0
2022-12-07,Greater Noida,8.2,66.0,5.0,0.0
2022-12-08,Greater Noida,8.3,64.8,4.9,0.0
2022-12-09,Greater Noida,10.3,64.4,8.6,0.0
2022-12-10,Greater Noida,9.1,63.2,6.2,0.0
2022-12-11,Greater Noida,10.3,68.1,6.2,0.0
2022-12-12,Greater Noida,9.4,60.5,5.2,0.0
2022-12-13,Greater Noida,10.3,57.5,4.9,0.0
2022-12-14,Greater Noida,7.9,66.4,2.5,0.0
2022-12-15,Greater Noida,9.3,66.5,7.3,0.0
2022-12-16,Greater Noida,9.0,65.9,6.6,0.0
2022-12-17,Greater Noida,7.6,65.6,5.7,0.0
2022-12-18,Greater Noida,7.1,62.7,5.8,0.0
2022-12-19,Greater Noida,10.2,67.2,7.1,0.0
2022-12-20,Greater Noida,8.7,63.8,3.7,0.0
2022-12-21,Greater Noida,7.8,62.1,5.2,0.0
2022-12-22,Greater Noida,9.1,62.7,4.4,0.0
2022-12-23,Greater Noida,10.8,72.1,8.8,0.0
2022-12-24,Greater Noida,6.1,57.0,7.5,0.0
2022-12-25,Greater Noida,7.2,66.0,2.9,0.0
2022-12-26,Greater Noida,8.0,57.2,4.0,0.0
2022-12-27,Greater Noida,11.4,63.5,6.1,0.0
2022-12-28,Greater Noida,9.8,62.2,5.7,0.0
2022-12-29,Greater Noida,10.5,55.6,4.4,0.0
2022-12-30,Greater Noida,7.9,65.4,9.4,0.0
2022-12-31,Greater Noida,7.9,62.3,7.0,0.0
2023-01-01,Greater Noida,10.2,55.4,7.3,0.0
2023-01-02,Greater Noida,9.7,67.1,5.6,0.0
2023-01-03,Greater Noida,10.5,69.5,7.7,0.0
2023-01-04,Greater Noida,9.5,69.7,6.1,0.0
2023-01-05,Greater Noida,10.2,65.1,6.3,0.0
2023-01-06,Greater Noida,10.1,63.8,7.7,0.0
2023-01-07,Greater Noida,11.1,68.9,4.4,0.0
2023-01-08,Greater Noida,11.2,70.2,9.3,0.0
2023-01-09,Greater Noida,7.9,68.0,7.2,0.0
2023-01-10,Greater Noida,7.1,59.6,8.9,0.0
2023-01-11,Greater Noida,11.7,64.2,5.4,0.0
2023-01-12,Greater Noida,12.1,65.0,5.7,0.0
2023-01-13,Greater Noida,9.1,56.0,5.4,0.0
2023-01-14,Greater Noida,8.0,65.0,7.6,0.0
2023-01-15,Greater Noida,10.9,72.2,7.3,0.0
2023-01-16,Greater Noida,12.2,65.6,6.6,0.0
2023-01-17,Greater Noida,13.5,68.8,5.8,0.0
2023-01-18,Greater Noida,11.8,63.6,5.5,0.0
2023-01-19,Greater Noida,10.7,62.5,7.4,0.0
2023-01-20,Greater Noida,10.1,64.3,6.8,0.0
2023-01-21,Greater Noida,11.5,59.4,6.5,0.0
2023-01-22,Greater Noida,11.2,58.7,9.9,0.0
2023-01-23,Greater Noida,10.4,67.5,7.5,0.0
2023-01-24,Greater Noida,14.8,67.9,9.6,0.0
2023-01-25,Greater Noida,14.6,58.3,6.9,0.0
2023-01-26,Greater Noida,13.8,66.1,8.2,0.0
2023-01-27,Greater Noida,11.1,61.8,7.8,0.0
2023-01-28,Greater Noida,13.7,63.4,5.4,0.0
2023-01-29,Greater Noida,13.6,63.8,10.1,0.0
2023-01-30,Greater Noida,13.5,65.8,,0.0
2023-01-31,Greater Noida,14.8,62.1,9.2,0.0
2023-02-01,Greater Noida,14.1,67.3,7.0,0.0
2023-02-02,Greater Noida,14.4,62.7,7.9,0.0
2023-02-03,Greater Noida,14.5,63.9,6.9,0.0
2023-02-04,Greater Noida,14.2,58.0,10.1,0.0
2023-02-05,Greater Noida,11.5,69.8,8.8,0.0
2023-02-06,Greater Noida,14.3,62.9,8.9,0.0
2023-02-07,Greater Noida,13.6,63.8,10.4,0.0
2023-02-08,Greater Noida,12.7,54.4,10.2,0.0
2023-02-09,Greater Noida,17.1,57.4,9.7,0.0
2023-02-10,Greater Noida,17.3,65.5,6.4,0.0
2023-02-11,Greater Noida,17.0,61.6,7.6,0.0
2023-02-12,Greater Noida,15.7,52.7,7.2,0.0
2023-02-13,Greater Noida,17.4,64.4,9.8,0.0
2023-02-14,Greater Noida,15.8,57.9,9.0,0.0
2023-02-15,Greater Noida,16.3,65.6,6.7,0.0
2023-02-16,Greater Noida,14.7,59.5,8.6,0.0
2023-02-17,Greater Noida,17.0,60.5,6.7,0.0
2023-02-18,Greater Noida,16.7,64.3,8.9,0.0
2023-02-19,Greater Noida,15.0,55.9,6.5,0.0
2023-02-20,Greater Noida,17.0,55.3,9.9,0.0
2023-02-21,Greater Noida,17.2,58.4,9.7,0.0
2023-02-22,Greater Noida,20.1,62.3,12.0,0.0
2023-02-23,Greater Noida,19.0,53.6,10.5,0.0
2023-02-24,Greater Noida,18.0,52.1,8.6,0.0
2023-02-25,Greater Noida,18.6,61.9,10.5,0.0
2023-02-26,Greater Noida,18.5,56.1,7.2,0.0
2023-02-27,Greater Noida,18.4,56.8,7.9,0.0
2023-02-28,Greater Noida,17.4,50.8,9.9,0.0
2023-03-01,Greater Noida,19.0,55.3,6.2,0.0
2023-03-02,Greater Noida,18.4,57.9,9.5,0.0
2023-03-03,Greater Noida,17.9,61.5,8.0,0.0
2023-03-04,Greater Noida,20.7,54.5,9.8,3.4
2023-03-05,Greater Noida,20.7,64.1,8.0,0.0
2023-03-06,Greater Noida,17.9,54.6,10.3,0.0
2023-03-07,Greater Noida,20.5,54.4,9.8,0.0
2023-03-08,Greater Noida,22.3,63.2,11.9,0.0
2023-03-09,Greater Noida,22.7,57.7,9.8,0.0
2023-03-10,Greater Noida,22.9,54.5,8.7,0.0
2023-03-11,Greater Noida,21.7,55.9,9.5,0.0
2023-03-12,Greater Noida,20.8,61.8,7.9,34.9
2023-03-13,Greater Noida,12.2,62.1,10.6,0.0
2023-03-14,Greater Noida,22.9,52.8,10.9,0.0
2023-03-15,Greater Noida,23.2,55.8,13.8,0.0
2023-03-16,Greater Noida,24.8,56.2,9.2,0.0
2023-03-17,Greater Noida,24.8,51.7,9.7,0.0
2023-03-18,Greater Noida,23.3,55.3,9.3,0.0
2023-03-19,Greater Noida,22.0,55.4,10.5,0.0
2023-03-20,Greater Noida,23.6,59.8,10.8,0.0
2023-03-21,Greater Noida,24.6,59.9,10.2,0.0
2023-03-22,Greater Noida,24.2,53.6,11.9,0.0
2023-03-23,Greater Noida,24.0,53.9,9.4,0.0
2023-03-24,Greater Noida,25.4,57.3,11.9,0.0
2023-03-25,Greater Noida,24.6,52.1,11.2,0.0
2023-03-26,Greater Noida,24.7,56.7,10.4,0.0
2023-03-27,Greater Noida,26.2,53.8,10.0,3.0
2023-03-28,Greater Noida,25.5,50.2,14.1,0.0
2023-03-29,Greater Noida,26.7,50.1,9.3,0.0
2023-03-30,Greater Noida,27.0,59.5,11.0,0.0
2023-03-31,Greater Noida,25.2,53.0,9.4,0.0
2023-04-01,Greater Noida,26.4,60.0,13.3,0.0
2023-04-02,Greater Noida,29.4,51.3,12.0,0.0
2023-04-03,Greater Noida,26.0,54.4,9.6,0.0
2023-04-04,Greater Noida,24.9,62.6,11.4,0.0
2023-04-05,Greater Noida,25.5,48.7,11.1,0.0
2023-04-06,Greater Noida,28.4,45.2,9.9,0.0
2023-04-07,Greater Noida,28.6,57.8,11.9,0.0
2023-04-08,Greater Noida,28.7,49.2,11.3,0.0
2023-04-09,Greater Noida,30.8,52.3,11.1,0.0
2023-04-10,Greater Noida,25.6,50.0,10.7,0.0
2023-04-11,Greater Noida,30.1,53.3,11.5,0.0
2023-04-12,Greater Noida,32.0,48.3,11.2,0.0
2023-04-13,Greater Noida,28.5,51.2,10.9,0.0
2023-04-14,Greater Noida,29.8,53.7,9.9,0.0
2023-04-15,Greater Noida,29.5,47.7,13.4,0.0
2023-04-16,Greater Noida,29.5,48.9,9.3,0.0
2023-04-17,Greater Noida,30.5,50.2,11.6,0.0
2023-04-18,Greater Noida,33.2,45.7,10.4,0.0
2023-04-19,Greater Noida,34.0,49.7,13.6,0.0
2023-04-20,Greater Noida,31.2,51.8,9.6,0.0
2023-04-21,Greater Noida,34.6,49.6,9.9,0.0
2023-04-22,Greater Noida,32.2,50.1,9.5,0.0
2023-04-23,Greater Noida,34.8,51.0,11.5,0.0
2023-04-24,Greater Noida,32.4,48.4,8.9,0.0
2023-04-25,Greater Noida,33.0,53.7,10.3,0.0
2023-04-26,Greater Noida,33.5,56.6,7.8,0.0
2023-04-27,Greater Noida,37.6,49.0,11.4,0.0
2023-04-28,Greater Noida,34.6,52.8,10.2,0.0
2023-04-29,Greater Noida,32.6,49.8,8.8,0.0
2023-04-30,Greater Noida,35.2,52.2,12.6,0.0
2023-05-01,Greater Noida,33.5,57.0,9.0,0.0
2023-05-02,Greater Noida,33.5,52.8,12.2,0.0
2023-05-03,Greater Noida,35.7,43.6,9.9,0.0
2023-05-04,Greater Noida,34.6,52.5,13.4,0.0
2023-05-05,Greater Noida,35.2,55.7,12.1,0.0
2023-05-06,Greater Noida,35.0,49.9,9.5,0.0
2023-05-07,Greater Noida,35.6,54.7,9.6,0.0
2023-05-08,Greater Noida,35.9,48.0,11.9,0.0
2023-05-09,Greater Noida,32.8,44.9,10.6,0.0
2023-05-10,Greater Noida,36.6,51.5,10.7,0.0
2023-05-11,Greater Noida,34.4,43.9,12.9,0.0
2023-05-12,Greater Noida,34.0,50.1,9.8,0.0
2023-05-13,Greater Noida,36.1,56.2,11.1,0.0
2023-05-14,Greater Noida,36.4,43.5,12.4,0.0
2023-05-15,Greater Noida,35.5,46.1,12.1,14.4
2023-05-16,Greater Noida,34.8,47.2,10.7,14.4
2023-05-17,Greater Noida,31.9,51.2,10.5,0.0
2023-05-18,Greater Noida,36.3,50.1,8.3,0.0
2023-05-19,Greater Noida,36.2,57.3,9.3,0.0
2023-05-20,Greater Noida,37.1,55.7,11.3,0.0
2023-05-21,Greater Noida,37.7,54.0,10.6,0.0
2023-05-22,Greater Noida,36.0,52.8,10.9,0.0
2023-05-23,Greater Noida,38.6,53.9,12.4,0.0
2023-05-24,Greater Noida,37.7,49.1,9.0,0.0
2023-05-25,Greater Noida,35.1,56.2,10.4,0.0
2023-05-26,Greater Noida,35.1,48.5,11.0,0.0
2023-05-27,Greater Noida,38.0,56.5,9.7,19.5
2023-05-28,Greater Noida,29.3,58.1,12.8,0.0
2023-05-29,Greater Noida,38.1,54.4,12.0,13.9
2023-05-30,Greater Noida,35.3,53.1,11.1,0.0
2023-05-31,Greater Noida,38.7,55.7,13.3,22.9
2023-06-01,Greater Noida,31.3,42.9,8.3,0.0
2023-06-02,Greater Noida,37.0,55.8,10.6,0.0
2023-06-03,Greater Noida,37.0,54.4,11.1,20.0
2023-06-04,Greater Noida,28.7,54.9,9.1,0.0
2023-06-05,Greater Noida,39.2,58.2,10.9,14.4
2023-06-06,Greater Noida,37.6,55.4,8.8,0.0
2023-06-07,Greater Noida,38.3,51.4,11.5,0.0
2023-06-08,Greater Noida,35.5,55.7,12.0,0.0
2023-06-09,Greater Noida,36.6,56.8,10.8,0.0
2023-06-10,Greater Noida,37.9,57.4,7.5,0.0
2023-06-11,Greater Noida,38.3,57.9,8.8,46.1
2023-06-12,Greater Noida,30.1,61.7,11.1,0.0
2023-06-13,Greater Noida,39.2,53.5,10.3,0.0
2023-06-14,Greater Noida,38.8,58.9,6.2,0.0
2023-06-15,Greater Noida,40.7,63.7,12.0,7.6
2023-06-16,Greater Noida,35.3,51.9,10.3,0.0
2023-06-17,Greater Noida,38.1,59.9,8.9,2.5
2023-06-18,Greater Noida,40.0,57.2,11.5,0.0
2023-06-19,Greater Noida,37.1,58.4,9.0,0.0
2023-06-20,Greater Noida,39.8,56.6,8.9,0.0
2023-06-21,Greater Noida,39.4,59.8,10.5,5.0
2023-06-22,Greater Noida,36.1,68.2,12.6,8.9
2023-06-23,Greater Noida,38.5,56.1,12.3,0.0
2023-06-24,Greater Noida,38.4,56.8,10.3,10.6
2023-06-25,Greater Noida,39.1,56.6,10.5,0.0
2023-06-26,Greater Noida,38.9,69.1,10.9,0.0
2023-06-27,Greater Noida,37.4,60.6,7.8,0.0
2023-06-28,Greater Noida,39.3,62.7,10.6,4.3
2023-06-29,Greater Noida,37.6,61.5,8.5,27.8
2023-06-30,Greater Noida,29.5,59.6,10.0,0.0
2023-07-01,Greater Noida,39.6,62.7,9.2,10.8
2023-07-02,Greater Noida,36.8,73.8,10.2,9.2
2023-07-03,Greater Noida,35.1,69.8,9.6,34.7
2023-07-04,Greater Noida,31.8,,4.8,6.9
2023-07-05,Greater Noida,37.4,67.3,9.6,0.0
2023-07-06,Greater Noida,40.8,61.7,10.2,19.4
2023-07-07,Greater Noida,30.9,58.1,9.9,15.2
2023-07-08,Greater Noida,32.0,69.5,9.0,19.8
2023-07-09,Greater Noida,27.4,70.3,11.6,18.9
2023-07-10,Greater Noida,29.5,70.0,9.6,25.5
2023-07-11,Greater Noida,28.6,64.2,9.7,0.0
2023-07-12,Greater Noida,38.4,65.6,10.6,0.0
2023-07-13,Greater Noida,37.4,69.4,9.5,6.5
2023-07-14,Greater Noida,34.8,68.1,7.5,1.6
2023-07-15,Greater Noida,40.6,65.1,5.2,18.8
2023-07-16,Greater Noida,29.1,60.3,8.1,18.0
2023-07-17,Greater Noida,29.8,67.4,9.9,0.0
2023-07-18,Greater Noida,37.3,71.3,8.2,25.8
2023-07-19,Greater Noida,29.1,62.3,9.8,0.0
2023-07-20,Greater Noida,37.4,69.7,8.8,0.0
2023-07-21,Greater Noida,37.9,68.5,10.5,11.6
2023-07-22,Greater Noida,35.8,70.2,8.1,0.0
2023-07-23,Greater Noida,39.3,70.7,9.1,1.9
2023-07-24,Greater Noida,37.3,64.5,9.2,26.0
2023-07-25,Greater Noida,29.0,60.8,10.6,0.0
2023-07-26,Greater Noida,35.0,65.1,5.7,20.5
2023-07-27,Greater Noida,27.8,70.8,7.6,0.0
2023-07-28,Greater Noida,37.6,65.0,9.5,0.0
2023-07-29,Greater Noida,37.3,64.3,10.5,11.6
2023-07-30,Greater Noida,33.2,59.8,8.4,0.0
2023-07-31,Greater Noida,37.0,74.0,7.6,15.5
2023-08-01,Greater Noida,27.8,70.2,9.1,0.0
2023-08-02,Greater Noida,37.1,69.9,9.2,31.4
2023-08-03,Greater Noida,27.2,70.5,7.3,10.5
2023-08-04,Greater Noida,31.6,68.9,8.3,18.8
2023-08-05,Greater Noida,26.9,65.4,9.5,0.0
2023-08-06,Greater Noida,30.6,65.6,10.6,25.3
2023-08-07,Greater Noida,26.6,64.4,8.8,0.0
2023-08-08,Greater Noida,29.2,76.5,7.7,8.7
2023-08-09,Greater Noida,28.7,68.0,7.5,15.9
2023-08-10,Greater Noida,26.1,63.8,8.4,29.8
2023-08-11,Greater Noida,70.9,67.3,7.3,26.7
2023-08-12,Greater Noida,23.4,61.2,7.7,0.0
2023-08-13,Greater Noida,32.4,71.1,5.8,37.0
2023-08-14,Greater Noida,26.6,62.2,9.3,0.0
2023-08-15,Greater Noida,32.3,,5.6,0.0
2023-08-16,Greater Noida,35.9,68.7,6.6,0.0
2023-08-17,Greater Noida,32.5,65.8,7.3,0.0
2023-08-18,Greater Noida,32.9,64.4,10.1,0.0
2023-08-19,Greater Noida,34.3,63.9,6.4,0.0
2023-08-20,Greater Noida,32.0,63.4,6.0,0.0
2023-08-21,Greater Noida,30.2,61.1,6.1,0.0
2023-08-22,Greater Noida,31.3,61.4,9.4,0.0
2023-08-23,Greater Noida,31.1,68.9,2.7,0.0
2023-08-24,Greater Noida,29.0,62.4,5.3,0.0
2023-08-25,Greater Noida,30.4,59.5,10.9,0.0
2023-08-26,Greater Noida,29.4,60.3,7.6,0.0
2023-08-27,Greater Noida,31.5,66.6,5.0,0.0
2023-08-28,Greater Noida,30.1,64.7,6.6,0.0
2023-08-29,Greater Noida,29.4,64.0,6.7,0.0
2023-08-30,Greater Noida,29.4,60.6,7.8,0.0
2023-08-31,Greater Noida,29.6,63.7,9.3,0.0
2023-09-01,Greater Noida,29.9,58.7,7.0,13.0
2023-09-02,Greater Noida,24.4,60.0,5.6,0.0
2023-09-03,Greater Noida,27.1,64.8,7.6,6.9
2023-09-04,Greater Noida,26.9,64.2,5.3,6.5
2023-09-05,Greater Noida,24.5,56.6,4.7,0.0
2023-09-06,Greater Noida,25.8,57.0,3.6,0.0
2023-09-07,Greater Noida,28.2,60.7,3.9,0.0
2023-09-08,Greater Noida,28.0,67.0,4.8,22.2
2023-09-09,Greater Noida,16.4,52.3,4.4,0.0
2023-09-10,Greater Noida,27.1,61.0,6.5,0.0
2023-09-11,Greater Noida,27.6,54.2,4.2,0.0
2023-09-12,Greater Noida,26.8,57.1,1.3,0.0
2023-09-13,Greater Noida,26.9,58.1,4.4,0.0
2023-09-14,Greater Noida,23.8,57.8,5.2,0.0
2023-09-15,Greater Noida,26.0,57.2,5.0,0.0
2023-09-16,Greater Noida,24.8,59.3,8.1,21.6
2023-09-17,Greater Noida,15.8,57.1,4.9,0.0
2023-09-18,Greater Noida,26.0,53.3,7.1,23.5
2023-09-19,Greater Noida,18.1,62.2,5.7,7.2
2023-09-20,Greater Noida,23.7,62.0,5.7,0.0
2023-09-21,Greater Noida,25.8,62.3,4.4,3.4
2023-09-22,Greater Noida,23.6,52.8,5.6,0.0
2023-09-23,Greater Noida,24.0,60.1,4.5,12.9
2023-09-24,Greater Noida,21.3,61.6,5.8,0.0
2023-09-25,Greater Noida,23.1,54.7,5.2,0.0
2023-09-26,Greater Noida,22.9,58.9,4.1,28.3
2023-09-27,Greater Noida,15.1,58.4,7.0,5.6
2023-09-28,Greater Noida,19.1,66.2,6.1,0.0
2023-09-29,Greater Noida,20.9,66.6,4.8,0.0
2023-09-30,Greater Noida,21.1,52.2,5.6,0.0
2023-10-01,Greater Noida,22.3,68.9,5.3,5.2
2023-10-02,Greater Noida,18.2,55.3,4.1,0.0
2023-10-03,Greater Noida,21.4,62.9,5.4,15.5
2023-10-04,Greater Noida,13.1,62.9,4.4,0.0
2023-10-05,Greater Noida,19.9,55.0,3.9,0.0
2023-10-06,Greater Noida,21.2,61.0,2.8,0.0
2023-10-07,Greater Noida,20.4,58.7,4.7,0.0
2023-10-08,Greater Noida,17.9,61.4,6.1,0.0
2023-10-09,Greater Noida,21.4,60.2,4.2,0.0
2023-10-10,Greater Noida,18.5,64.1,9.0,13.8
2023-10-11,Greater Noida,13.6,59.7,6.5,0.0
2023-10-12,Greater Noida,17.2,58.8,7.1,3.9
2023-10-13,Greater Noida,17.0,63.9,6.3,0.0
2023-10-14,Greater Noida,18.3,61.9,7.9,0.0
2023-10-15,Greater Noida,17.6,62.6,3.9,0.0
2023-10-16,Greater Noida,17.3,57.1,1.3,0.0
2023-10-17,Greater Noida,18.4,55.6,4.4,0.0
2023-10-18,Greater Noida,17.8,57.6,5.9,0.0
2023-10-19,Greater Noida,17.5,57.5,5.3,39.2
2023-10-20,Greater Noida,8.9,63.2,5.5,0.0
2023-10-21,Greater Noida,17.5,64.1,7.0,0.0
2023-10-22,Greater Noida,13.5,59.6,5.6,0.0
2023-10-23,Greater Noida,15.7,66.1,6.2,0.0
2023-10-24,Greater Noida,12.9,65.9,3.6,0.0
2023-10-25,Greater Noida,15.8,61.5,3.4,0.0
2023-10-26,Greater Noida,15.5,57.3,7.4,0.0
2023-10-27,Greater Noida,16.8,67.0,5.2,0.0
2023-10-28,Greater Noida,16.8,60.6,4.1,7.6
2023-10-29,Greater Noida,12.2,61.4,4.1,0.0
2023-10-30,Greater Noida,14.0,59.7,4.0,0.0
2023-10-31,Greater Noida,15.2,57.6,3.9,0.0
2023-11-01,Greater Noida,13.6,55.3,3.1,0.0
2023-11-02,Greater Noida,14.2,63.8,2.8,0.0
2023-11-03,Greater Noida,15.4,58.3,4.7,0.0
2023-11-04,Greater Noida,13.0,73.7,4.1,4.2
2023-11-05,Greater Noida,14.7,57.3,6.7,0.0
2023-11-06,Greater Noida,14.4,56.7,5.5,0.0
2023-11-07,Greater Noida,11.9,63.8,5.4,0.0
2023-11-08,Greater Noida,14.4,68.0,3.9,0.0
2023-11-09,Greater Noida,13.9,62.2,4.9,0.0
2023-11-10,Greater Noida,12.9,64.3,5.6,0.0
2023-11-11,Greater Noida,11.5,54.8,6.1,0.0
2023-11-12,Greater Noida,11.2,59.5,4.9,0.0
2023-11-13,Greater Noida,11.5,58.0,6.7,0.0
2023-11-14,Greater Noida,12.9,54.8,5.1,0.0
2023-11-15,Greater Noida,10.6,63.0,6.3,0.0
2023-11-16,Greater Noida,12.4,53.6,4.4,0.0
2023-11-17,Greater Noida,10.0,57.4,2.4,0.0
2023-11-18,Greater Noida,11.3,60.6,5.5,0.0
2023-11-19,Greater Noida,11.6,59.5,6.2,0.0
2023-11-20,Greater Noida,14.7,64.5,6.0,0.0
2023-11-21,Greater Noida,9.2,64.2,5.8,0.0
2023-11-22,Greater Noida,13.1,66.6,4.7,0.0
2023-11-23,Greater Noida,11.1,66.1,4.0,0.0
2023-11-24,Greater Noida,11.4,67.7,6.1,0.0
2023-11-25,Greater Noida,10.9,63.2,5.9,0.0
2023-11-26,Greater Noida,11.2,64.5,4.5,0.0
2023-11-27,Greater Noida,10.3,65.4,7.0,0.0
2023-11-28,Greater Noida,12.4,63.9,4.0,0.0
2023-11-29,Greater Noida,9.7,61.8,4.5,0.0
2023-11-30,Greater Noida,11.8,62.2,7.8,0.0
2023-12-01,Greater Noida,9.2,60.3,6.7,0.0
2023-12-02,Greater Noida,10.0,65.3,4.9,0.0
2023-12-03,Greater Noida,8.5,63.3,5.9,0.0
2023-12-04,Greater Noida,10.5,61.0,5.7,0.0
2023-12-05,Greater Noida,11.9,61.1,1.4,27.6
2023-12-06,Greater Noida,1.2,58.9,4.2,0.0
2023-12-07,Greater Noida,9.4,67.7,5.5,0.0
2023-12-08,Greater Noida,8.1,64.1,5.1,0.0
2023-12-09,Greater Noida,9.3,60.4,6.0,0.0
2023-12-10,Greater Noida,7.3,67.1,7.4,0.0
2023-12-11,Greater Noida,8.3,61.7,5.2,0.0
2023-12-12,Greater Noida,9.8,58.3,4.2,0.0
2023-12-13,Greater Noida,11.3,68.0,6.3,0.0
2023-12-14,Greater Noida,13.4,61.8,5.3,0.0
2023-12-15,Greater Noida,8.6,62.3,5.6,0.0
2023-12-16,Greater Noida,11.4,64.1,5.5,0.0
2023-12-17,Greater Noida,9.7,68.6,9.3,0.0
2023-12-18,Greater Noida,9.2,64.1,2.6,0.0
2023-12-19,Greater Noida,10.0,59.2,5.4,0.0
2023-12-20,Greater Noida,9.4,66.2,6.0,0.0
2023-12-21,Greater Noida,9.5,62.1,4.9,0.0
2023-12-22,Greater Noida,8.8,71.5,7.5,0.0
2023-12-23,Greater Noida,7.4,64.0,7.4,0.0
2023-12-24,Greater Noida,7.2,55.0,6.1,0.0
2023-12-25,Greater Noida,10.3,65.4,5.8,0.0
2023-12-26,Greater Noida,9.1,71.7,6.1,0.0
2023-12-27,Greater Noida,8.6,70.2,6.2,0.0
2023-12-28,Greater Noida,9.5,71.2,6.3,0.0
2023-12-29,Greater Noida,10.7,59.8,6.1,0.0
2023-12-30,Greater Noida,9.8,67.5,6.8,0.0
2023-12-31,Greater Noida,8.7,60.9,7.6,0.0
2024-01-01,Greater Noida,11.4,64.7,4.7,0.0
2024-01-02,Greater Noida,12.0,58.7,5.0,0.0
2024-01-03,Greater Noida,10.5,61.2,4.0,0.0
2024-01-04,Greater Noida,11.2,61.0,8.0,0.0
2024-01-05,Greater Noida,11.7,67.2,7.1,0.0
2024-01-06,Greater Noida,11.6,66.8,7.6,0.0
2024-01-07,Greater Noida,11.0,64.7,4.7,0.0
2024-01-08,Greater Noida,11.0,58.1,9.6,0.0
2024-01-09,Greater Noida,11.0,62.2,6.0,0.0
2024-01-10,Greater Noida,8.8,60.4,7.2,0.0
2024-01-11,Greater Noida,11.4,66.8,8.3,0.0
2024-01-12,Greater Noida,8.7,68.0,5.6,0.0
2024-01-13,Greater Noida,9.5,67.4,6.3,0.0
2024-01-14,Greater Noida,12.6,60.1,7.5,0.0
2024-01-15,Greater Noida,12.1,52.1,11.5,0.0
2024-01-16,Greater Noida,13.1,56.0,7.7,0.0
2024-01-17,Greater Noida,10.7,68.6,9.7,0.0
2024-01-18,Greater Noida,9.6,,9.2,0.0
2024-01-19,Greater Noida,11.0,59.8,8.0,0.0
2024-01-20,Greater Noida,11.6,69.3,6.0,0.0
2024-01-21,Greater Noida,11.7,67.7,9.1,0.0
2024-01-22,Greater Noida,13.4,62.7,5.3,14.4
2024-01-23,Greater Noida,8.4,61.3,10.0,0.0
2024-01-24,Greater Noida,12.5,61.9,8.0,0.0
2024-01-25,Greater Noida,10.8,63.2,3.8,0.0
2024-01-26,Greater Noida,13.0,68.6,7.3,0.0
2024-01-27,Greater Noida,12.5,63.8,8.8,0.0
2024-01-28,Greater Noida,11.6,64.9,7.5,0.0
2024-01-29,Greater Noida,12.5,66.6,9.0,0.0
2024-01-30,Greater Noida,12.7,57.1,6.7,0.0
2024-01-31,Greater Noida,12.8,64.7,6.1,0.0
2024-02-01,Greater Noida,15.8,60.4,8.0,21.1
2024-02-02,Greater Noida,4.9,51.4,8.2,0.0
2024-02-03,Greater Noida,13.4,52.9,7.7,0.0
2024-02-04,Greater Noida,10.9,57.2,10.1,0.0
2024-02-05,Greater Noida,12.8,63.3,7.0,0.0
2024-02-06,Greater Noida,13.9,61.5,8.8,0.0
2024-02-07,Greater Noida,13.5,61.7,8.5,0.0
2024-02-08,Greater Noida,16.6,68.6,6.1,29.0
2024-02-09,Greater Noida,6.1,55.6,6.5,0.0
2024-02-10,Greater Noida,16.9,60.5,8.6,0.0
2024-02-11,Greater Noida,15.3,61.7,11.6,0.0
2024-02-12,Greater Noida,15.5,57.4,9.5,0.0
2024-02-13,Greater Noida,15.5,60.3,6.1,0.0
2024-02-14,Greater Noida,15.9,53.7,4.1,0.0
2024-02-15,Greater Noida,18.5,65.6,9.9,10.8
2024-02-16,Greater Noida,10.1,57.1,8.7,0.0
2024-02-17,Greater Noida,13.7,67.8,10.6,0.0
2024-02-18,Greater Noida,16.0,59.4,7.6,0.0
2024-02-19,Greater Noida,17.0,63.6,9.5,0.0
2024-02-20,Greater Noida,18.2,59.1,10.3,0.0
2024-02-21,Greater Noida,18.1,59.0,8.4,0.0
2024-02-22,Greater Noida,17.1,56.7,8.5,0.0
2024-02-23,Greater Noida,19.3,59.4,9.2,0.0
2024-02-24,Greater Noida,19.6,60.0,10.1,0.0
2024-02-25,Greater Noida,18.6,55.5,9.3,14.4
2024-02-26,Greater Noida,16.9,58.0,10.8,0.0
2024-02-27,Greater Noida,19.2,55.9,8.7,0.0
2024-02-28,Greater Noida,18.3,67.4,7.4,0.0
2024-02-29,Greater Noida,20.3,57.7,12.4,0.0
2024-03-01,Greater Noida,19.7,64.1,8.6,0.0
2024-03-02,Greater Noida,19.8,57.0,8.7,0.0
2024-03-03,Greater Noida,22.1,58.6,9.5,0.0
2024-03-04,Greater Noida,16.9,52.2,9.8,0.0
2024-03-05,Greater Noida,18.6,55.5,9.1,0.0
2024-03-06,Greater Noida,19.1,58.0,9.7,0.0
2024-03-07,Greater Noida,,,9.7,0.0
2024-03-08,Greater Noida,21.0,57.7,10.1,0.0
2024-03-09,Greater Noida,19.5,62.2,6.3,0.0
2024-03-10,Greater Noida,20.4,59.1,12.7,0.0
2024-03-11,Greater Noida,20.9,62.9,9.7,0.0
2024-03-12,Greater Noida,25.8,56.0,10.9,0.0
2024-03-13,Greater Noida,25.1,65.7,8.0,0.0
2024-03-14,Greater Noida,22.3,54.0,9.4,0.0
2024-03-15,Greater Noida,22.6,52.7,9.1,0.0
2024-03-16,Greater Noida,21.7,50.8,12.3,0.0
2024-03-17,Greater Noida,20.9,64.8,9.3,0.0
2024-03-18,Greater Noida,23.7,58.6,11.3,0.0
2024-03-19,Greater Noida,22.7,53.9,9.3,0.0
2024-03-20,Greater Noida,24.3,60.1,9.6,0.0
2024-03-21,Greater Noida,22.4,57.7,9.9,0.0
2024-03-22,Greater Noida,23.8,62.6,12.3,0.0
2024-03-23,Greater Noida,25.4,48.4,7.5,0.0
2024-03-24,Greater Noida,25.9,53.4,8.4,0.0
2024-03-25,Greater Noida,26.3,52.5,7.5,0.0
2024-03-26,Greater Noida,24.1,46.3,8.8,0.0
2024-03-27,Greater Noida,27.4,58.3,9.3,0.0
2024-03-28,Greater Noida,25.3,52.8,8.1,0.0
2024-03-29,Greater Noida,27.6,56.7,9.4,0.0
2024-03-30,Greater Noida,26.9,63.0,7.6,0.0
2024-03-31,Greater Noida,25.3,52.1,9.1,0.0
2024-04-01,Greater Noida,27.0,51.6,12.4,0.0
2024-04-02,Greater Noida,28.2,53.7,11.3,0.0
2024-04-03,Greater Noida,28.8,57.0,11.0,0.0
2024-04-04,Greater Noida,28.0,50.7,9.2,0.0
2024-04-05,Greater Noida,30.6,50.3,8.4,0.0
2024-04-06,Greater Noida,30.1,56.9,9.0,0.0
2024-04-07,Greater Noida,28.6,54.1,10.7,0.0
2024-04-08,Greater Noida,30.3,44.2,12.1,0.0
2024-04-09,Greater Noida,32.2,47.4,12.2,0.0
2024-04-10,Greater Noida,32.4,58.2,11.8,0.0
2024-04-11,Greater Noida,28.2,53.7,9.7,0.0
2024-04-12,Greater Noida,28.9,48.9,10.9,0.0
2024-04-13,Greater Noida,32.5,51.2,10.4,0.0
2024-04-14,Greater Noida,29.2,51.8,10.6,0.0
2024-04-15,Greater Noida,29.0,54.6,14.0,0.0
2024-04-16,Greater Noida,30.4,46.1,8.3,0.0
2024-04-17,Greater Noida,31.9,48.1,10.6,0.0
2024-04-18,Greater Noida,31.4,52.5,12.8,0.0
2024-04-19,Greater Noida,30.9,50.9,8.7,0.0
2024-04-20,Greater Noida,31.1,53.5,10.0,0.0
2024-04-21,Greater Noida,31.2,46.2,10.2,0.0
2024-04-22,Greater Noida,31.2,52.5,10.6,0.0
2024-04-23,Greater Noida,35.9,55.4,8.6,0.0
2024-04-24,Greater Noida,33.3,52.9,11.9,0.0
2024-04-25,Greater Noida,34.3,51.5,12.0,0.0
2024-04-26,Greater Noida,32.6,50.5,11.8,0.0
2024-04-27,Greater Noida,33.3,47.5,9.7,0.0
2024-04-28,Greater Noida,32.7,50.5,11.1,11.2
2024-04-29,Greater Noida,27.2,55.8,9.7,0.0
2024-04-30,Greater Noida,32.2,50.3,10.5,0.0
2024-05-01,Greater Noida,31.8,47.2,14.2,13.9
2024-05-02,Greater Noida,28.4,48.7,11.1,0.0
2024-05-03,Greater Noida,33.0,51.5,9.2,0.0
2024-05-04,Greater Noida,36.7,49.2,11.3,0.0
2024-05-05,Greater Noida,35.0,52.7,9.0,0.0
2024-05-06,Greater Noida,37.1,52.9,9.2,0.0
2024-05-07,Greater Noida,36.0,54.4,9.4,0.0
2024-05-08,Greater Noida,36.7,56.5,10.3,0.0
2024-05-09,Greater Noida,34.5,54.9,12.4,0.0
2024-05-10,Greater Noida,36.7,47.2,11.8,8.8
2024-05-11,Greater Noida,34.1,47.4,11.7,26.1
2024-05-12,Greater Noida,27.0,50.8,9.3,0.0
2024-05-13,Greater Noida,37.2,49.4,10.1,0.0
2024-05-14,Greater Noida,37.4,46.7,11.3,0.0
2024-05-15,Greater Noida,36.0,49.6,10.0,0.0
2024-05-16,Greater Noida,35.3,49.6,10.5,0.0
2024-05-17,Greater Noida,35.4,48.9,11.5,0.0
2024-05-18,Greater Noida,37.3,50.5,10.3,0.0
2024-05-19,Greater Noida,37.7,56.6,11.2,0.0
2024-05-20,Greater Noida,36.3,52.8,13.2,40.5
2024-05-21,Greater Noida,29.1,62.1,10.6,19.4
2024-05-22,Greater Noida,30.0,53.0,12.6,0.0
2024-05-23,Greater Noida,38.6,51.4,11.6,28.3
2024-05-24,Greater Noida,31.6,52.7,8.6,0.0
2024-05-25,Greater Noida,39.8,53.9,9.1,0.0
2024-05-26,Greater Noida,36.7,54.9,9.5,0.0
2024-05-27,Greater Noida,40.6,61.7,9.4,0.0
2024-05-28,Greater Noida,37.6,50.2,10.5,0.0
2024-05-29,Greater Noida,39.9,57.2,11.6,16.0
2024-05-30,Greater Noida,30.1,54.9,12.5,0.0
2024-05-31,Greater Noida,38.0,48.0,11.1,2.0
2024-06-01,Greater Noida,36.1,57.6,9.9,0.0
2024-06-02,Greater Noida,38.5,59.9,7.4,7.7
2024-06-03,Greater Noida,33.6,51.7,10.6,15.1
2024-06-04,Greater Noida,31.7,55.3,10.5,15.5
2024-06-05,Greater Noida,32.6,48.8,10.7,0.0
2024-06-06,Greater Noida,37.9,50.9,13.6,22.5
2024-06-07,Greater Noida,31.0,60.5,12.3,2.1
2024-06-08,Greater Noida,38.1,54.7,11.5,0.0
2024-06-09,Greater Noida,38.3,52.5,8.9,13.5
2024-06-10,Greater Noida,37.3,58.1,9.5,0.0
2024-06-11,Greater Noida,39.2,55.4,10.1,3.7
2024-06-12,Greater Noida,41.7,56.0,9.1,0.0
2024-06-13,Greater Noida,38.7,61.1,10.9,0.0
2024-06-14,Greater Noida,40.8,53.9,10.7,0.0
2024-06-15,Greater Noida,39.5,55.2,8.5,0.0
2024-06-16,Greater Noida,40.5,59.8,11.9,0.0
2024-06-17,Greater Noida,38.8,63.4,10.2,18.4
2024-06-18,Greater Noida,30.8,64.8,7.4,13.2
2024-06-19,Greater Noida,36.3,57.5,9.9,0.0
2024-06-20,Greater Noida,38.2,64.3,10.4,3.8
2024-06-21,Greater Noida,40.3,57.7,11.3,14.3
2024-06-22,Greater Noida,37.3,68.5,9.3,0.0
2024-06-23,Greater Noida,40.2,57.0,11.1,9.7
2024-06-24,Greater Noida,38.5,67.2,10.0,24.1
2024-06-25,Greater Noida,32.9,59.5,7.8,0.0
2024-06-26,Greater Noida,38.8,70.5,7.6,3.5
2024-06-27,Greater Noida,39.8,65.1,11.3,0.0
2024-06-28,Greater Noida,38.4,59.0,11.4,0.0
2024-06-29,Greater Noida,39.2,61.3,10.0,0.0
2024-06-30,Greater Noida,38.3,66.8,11.8,19.7
2024-07-01,Greater Noida,32.9,68.2,11.0,22.6
2024-07-02,Greater Noida,31.1,63.9,10.4,0.0
2024-07-03,Greater Noida,38.7,64.7,8.0,0.0
2024-07-04,Greater Noida,40.6,67.8,11.9,0.0
2024-07-05,Greater Noida,35.8,65.5,10.1,20.0
2024-07-06,Greater Noida,27.5,60.1,8.7,10.1
2024-07-07,Greater Noida,36.8,62.2,8.2,18.6
2024-07-08,Greater Noida,30.2,66.6,9.5,15.7
2024-07-09,Greater Noida,30.4,70.7,6.6,1.8
2024-07-10,Greater Noida,36.6,72.5,10.1,0.0
2024-07-11,Greater Noida,38.4,69.3,7.6,14.6
2024-07-12,Greater Noida,38.1,67.5,9.5,0.0
2024-07-13,Greater Noida,39.3,69.5,8.1,0.0
2024-07-14,Greater Noida,38.3,64.0,8.4,15.9
2024-07-15,Greater Noida,28.9,66.2,7.7,8.9
2024-07-16,Greater Noida,34.3,63.6,8.5,0.0
2024-07-17,Greater Noida,34.8,62.0,11.5,1.4
2024-07-18,Greater Noida,38.0,68.4,10.7,35.8
2024-07-19,Greater Noida,30.2,67.9,9.1,0.0
2024-07-20,Greater Noida,35.2,69.9,8.5,0.0
2024-07-21,Greater Noida,36.3,69.4,9.8,0.0
2024-07-22,Greater Noida,35.5,68.2,10.1,0.0
2024-07-23,Greater Noida,35.6,69.5,7.1,7.0
2024-07-24,Greater Noida,33.9,67.1,8.2,0.0
2024-07-25,Greater Noida,33.8,68.9,5.6,0.0
2024-07-26,Greater Noida,37.4,64.3,9.9,0.0
2024-07-27,Greater Noida,37.4,68.7,11.3,0.0
2024-07-28,Greater Noida,35.9,69.8,8.3,0.0
2024-07-29,Greater Noida,32.6,64.4,4.9,0.0
2024-07-30,Greater Noida,34.5,67.2,8.9,17.4
2024-07-31,Greater Noida,29.0,64.4,6.6,0.0
2024-08-01,Greater Noida,31.7,64.7,6.9,12.7
2024-08-02,Greater Noida,31.9,62.2,8.8,0.0
2024-08-03,Greater Noida,33.6,71.6,8.2,0.0
2024-08-04,Greater Noida,36.2,70.7,7.0,0.0
2024-08-05,Greater Noida,33.9,68.4,6.7,18.3
2024-08-06,Greater Noida,26.7,74.0,7.9,0.0
2024-08-07,Greater Noida,35.3,65.2,7.0,8.8
2024-08-08,Greater Noida,35.6,77.9,5.9,43.8
2024-08-09,Greater Noida,25.3,,,5.8
2024-08-10,Greater Noida,31.4,66.5,8.0,0.0
2024-08-11,Greater Noida,31.6,63.7,7.1,10.0
2024-08-12,Greater Noida,32.1,66.6,5.2,0.0
2024-08-13,Greater Noida,32.2,68.2,8.8,2.9
2024-08-14,Greater Noida,32.3,64.2,3.2,0.0
2024-08-15,Greater Noida,32.8,71.6,6.5,0.0
2024-08-16,Greater Noida,30.4,65.2,6.2,0.0
2024-08-17,Greater Noida,32.7,65.1,7.3,0.0
2024-08-18,Greater Noida,33.6,60.2,7.9,0.0
2024-08-19,Greater Noida,32.4,65.3,8.7,0.0
2024-08-20,Greater Noida,29.5,62.9,5.9,0.0
2024-08-21,Greater Noida,31.4,60.8,7.8,1.2
2024-08-22,Greater Noida,32.3,59.9,7.2,29.4
2024-08-23,Greater Noida,19.9,73.5,4.3,0.0
2024-08-24,Greater Noida,29.3,61.5,9.6,0.0
2024-08-25,Greater Noida,31.8,56.6,4.6,0.0
2024-08-26,Greater Noida,30.7,59.4,7.3,0.0
2024-08-27,Greater Noida,30.7,61.8,7.2,0.0
2024-08-28,Greater Noida,32.5,64.0,7.0,0.0
2024-08-29,Greater Noida,30.3,63.8,5.8,0.0
2024-08-30,Greater Noida,30.3,64.1,7.7,0.0
2024-08-31,Greater Noida,33.0,58.7,4.1,0.0
2024-09-01,Greater Noida,28.6,62.4,6.3,0.0
2024-09-02,Greater Noida,27.6,57.4,5.5,0.0
2024-09-03,Greater Noida,29.0,58.2,5.3,0.0
2024-09-04,Greater Noida,28.8,56.9,6.9,11.9
2024-09-05,Greater Noida,24.2,55.7,7.9,0.0
2024-09-06,Greater Noida,26.2,64.5,5.7,0.0
2024-09-07,Greater Noida,30.7,62.9,7.3,0.0
2024-09-08,Greater Noida,27.6,63.9,6.2,0.0
2024-09-09,Greater Noida,25.9,60.0,4.7,0.0
2024-09-10,Greater Noida,27.9,62.9,5.7,0.0
2024-09-11,Greater Noida,26.3,52.6,5.6,0.0
2024-09-12,Greater Noida,25.8,63.0,4.9,0.0
2024-09-13,Greater Noida,26.7,60.1,6.6,8.6
2024-09-14,Greater Noida,20.8,61.9,6.2,0.0
2024-09-15,Greater Noida,25.9,60.8,3.5,0.0
2024-09-16,Greater Noida,27.8,55.2,3.3,28.6
2024-09-17,Greater Noida,17.0,53.1,6.4,0.0
2024-09-18,Greater Noida,24.1,56.2,4.5,0.0
2024-09-19,Greater Noida,23.6,61.3,6.2,3.2
2024-09-20,Greater Noida,23.5,61.7,6.9,0.0
2024-09-21,Greater Noida,23.5,53.5,3.7,0.0
2024-09-22,Greater Noida,23.0,55.0,3.5,0.0
2024-09-23,Greater Noida,24.6,56.0,8.1,0.0
2024-09-24,Greater Noida,20.6,57.4,6.1,0.0
2024-09-25,Greater Noida,24.0,53.4,4.9,0.0
2024-09-26,Greater Noida,22.0,53.2,4.1,0.0
2024-09-27,Greater Noida,22.8,55.6,4.7,4.6
2024-09-28,Greater Noida,20.5,59.2,3.7,0.0
2024-09-29,Greater Noida,23.6,54.1,6.7,0.0
2024-09-30,Greater Noida,23.3,58.4,4.2,0.0
2024-10-01,Greater Noida,22.6,63.1,7.0,0.0
2024-10-02,Greater Noida,18.9,53.7,4.7,0.0
2024-10-03,Greater Noida,21.9,58.2,3.8,0.0
2024-10-04,Greater Noida,21.1,63.1,4.7,0.0
2024-10-05,Greater Noida,18.0,57.4,1.3,0.0
2024-10-06,Greater Noida,20.0,56.8,5.1,0.0
2024-10-07,Greater Noida,20.3,63.8,5.0,0.0
2024-10-08,Greater Noida,20.3,58.0,6.4,0.0
2024-10-09,Greater Noida,19.6,63.7,2.4,19.2
2024-10-10,Greater Noida,11.0,61.1,6.9,10.0
2024-10-11,Greater Noida,17.9,58.1,6.4,27.4
2024-10-12,Greater Noida,11.8,61.4,7.0,0.0
2024-10-13,Greater Noida,14.3,60.9,5.0,0.0
2024-10-14,Greater Noida,17.7,63.7,6.6,0.0
2024-10-15,Greater Noida,17.6,57.5,2.9,0.0
2024-10-16,Greater Noida,15.2,60.0,6.2,0.0
2024-10-17,Greater Noida,17.6,59.7,3.9,0.0
2024-10-18,Greater Noida,18.9,62.8,2.6,0.0
2024-10-19,Greater Noida,15.4,56.0,3.4,0.0
2024-10-20,Greater Noida,17.2,64.2,5.1,0.0
2024-10-21,Greater Noida,15.2,62.1,3.8,0.0
2024-10-22,Greater Noida,15.4,55.1,5.6,0.0
2024-10-23,Greater Noida,18.2,65.3,2.3,0.0
2024-10-24,Greater Noida,15.1,69.5,1.8,0.0
2024-10-25,Greater Noida,16.3,64.6,7.1,0.0
2024-10-26,Greater Noida,12.8,66.4,6.4,0.0
2024-10-27,Greater Noida,17.9,61.2,3.4,0.0
2024-10-28,Greater Noida,15.9,54.3,5.0,0.0
2024-10-29,Greater Noida,14.6,53.6,6.5,14.7
2024-10-30,Greater Noida,12.5,62.1,5.6,2.2
2024-10-31,Greater Noida,12.5,,5.2,0.0
2024-11-01,Greater Noida,15.9,57.7,6.6,0.0
2024-11-02,Greater Noida,13.6,61.2,3.9,0.0
2024-11-03,Greater Noida,,64.0,5.1,8.8
2024-11-04,Greater Noida,10.0,55.8,5.0,0.0
2024-11-05,Greater Noida,12.7,59.9,4.6,0.0
2024-11-06,Greater Noida,14.3,67.8,4.4,0.0
2024-11-07,Greater Noida,13.6,57.6,5.1,0.0
2024-11-08,Greater Noida,13.9,65.4,5.1,2.3
2024-11-09,Greater Noida,12.9,60.1,3.5,1.7
2024-11-10,Greater Noida,13.4,64.3,6.3,0.0
2024-11-11,Greater Noida,12.0,66.6,3.6,0.0
2024-11-12,Greater Noida,15.5,65.3,4.7,0.0
2024-11-13,Greater Noida,10.0,66.0,4.6,0.0
2024-11-14,Greater Noida,13.9,57.9,5.6,0.0
2024-11-15,Greater Noida,13.9,67.0,1.9,0.0
2024-11-16,Greater Noida,10.6,59.2,6.5,0.0
2024-11-17,Greater Noida,14.8,63.8,4.1,0.0
2024-11-18,Greater Noida,12.9,63.8,7.0,0.0
2024-11-19,Greater Noida,12.8,64.8,4.5,0.0
2024-11-20,Greater Noida,11.3,64.3,5.1,0.0
2024-11-21,Greater Noida,10.9,59.6,8.1,33.3
2024-11-22,Greater Noida,2.3,57.7,4.8,0.0
2024-11-23,Greater Noida,11.5,66.6,7.1,0.0
2024-11-24,Greater Noida,12.8,64.0,5.3,0.0
2024-11-25,Greater Noida,11.0,67.9,5.9,0.0
2024-11-26,Greater Noida,9.3,63.1,5.4,0.0
2024-11-27,Greater Noida,-28.3,57.8,6.6,0.0
2024-11-28,Greater Noida,11.7,67.3,4.3,0.0
2024-11-29,Greater Noida,11.3,62.0,3.9,0.0
2024-11-30,Greater Noida,11.3,64.9,4.5,0.0
2024-12-01,Greater Noida,9.8,61.0,5.6,0.0
2024-12-02,Greater Noida,8.8,70.2,5.1,0.0
2024-12-03,Greater Noida,8.8,60.2,6.6,0.0
2024-12-04,Greater Noida,7.7,62.4,7.5,0.0
2024-12-05,Greater Noida,10.2,64.2,4.1,0.0
2024-12-06,Greater Noida,9.7,59.4,4.5,0.0
2024-12-07,Greater Noida,9.2,65.1,3.5,0.0
2024-12-08,Greater Noida,5.6,70.3,8.7,0.0
2024-12-09,Greater Noida,7.9,61.9,6.1,0.0
2024-12-10,Greater Noida,11.2,65.5,6.4,0.0
2024-12-11,Greater Noida,8.7,52.9,3.7,0.0
2024-12-12,Greater Noida,10.1,63.8,5.8,0.0
2024-12-13,Greater Noida,7.6,62.7,6.6,0.0
2024-12-14,Greater Noida,11.5,60.7,5.5,0.0
2024-12-15,Greater Noida,9.3,68.3,7.5,0.0
2024-12-16,Greater Noida,9.9,62.7,9.4,0.0
2024-12-17,Greater Noida,12.7,63.3,4.5,0.0
2024-12-18,Greater Noida,11.6,62.5,4.5,0.0
2024-12-19,Greater Noida,9.0,56.3,4.7,0.0
2024-12-20,Greater Noida,8.6,59.5,8.5,0.0
2024-12-21,Greater Noida,9.0,67.8,7.7,0.0
2024-12-22,Greater Noida,10.2,55.5,6.0,65.0
2024-12-23,Greater Noida,0.9,60.9,6.3,0.0
2024-12-24,Greater Noida,9.0,62.4,5.0,0.0
2024-12-25,Greater Noida,11.6,70.9,7.6,0.0
2024-12-26,Greater Noida,9.4,67.0,5.8,0.0
2024-12-27,Greater Noida,12.8,61.7,6.0,0.0
2024-12-28,Greater Noida,9.8,69.1,7.3,0.0
2024-12-29,Greater Noida,12.2,60.9,6.2,0.0
2024-12-30,Greater Noida,10.3,67.9,6.2,0.0
2024-12-31,Greater Noida,11.1,58.4,6.6,0.0
2025-01-01,Greater Noida,8.8,68.1,7.8,0.0
2025-01-02,Greater Noida,8.7,62.1,9.1,0.0
2025-01-03,Greater Noida,,59.6,,0.0
2025-01-04,Greater Noida,11.4,62.8,7.9,0.0
2025-01-05,Greater Noida,10.1,64.8,6.4,0.0
2025-01-06,Greater Noida,8.3,61.6,5.7,0.0
2025-01-07,Greater Noida,8.3,65.8,7.8,0.0
2025-01-08,Greater Noida,8.3,61.2,7.1,0.0
2025-01-09,Greater Noida,7.9,65.9,4.8,0.0
2025-01-10,Greater Noida,10.6,65.2,6.5,0.0
2025-01-11,Greater Noida,12.2,63.1,6.9,0.0
2025-01-12,Greater Noida,10.7,61.5,6.3,0.0
2025-01-13,Greater Noida,7.6,63.8,9.4,0.0
2025-01-14,Greater Noida,10.6,65.4,7.9,0.0
2025-01-15,Greater Noida,10.8,71.3,9.3,0.0
2025-01-16,Greater Noida,14.0,66.8,7.7,0.0
2025-01-17,Greater Noida,9.2,66.9,7.5,0.0
2025-01-18,Greater Noida,12.6,75.2,6.0,0.0
2025-01-19,Greater Noida,13.9,64.9,7.5,0.0
2025-01-20,Greater Noida,12.2,64.7,7.5,0.0
2025-01-21,Greater Noida,12.5,65.5,5.5,0.0
2025-01-22,Greater Noida,12.0,58.5,6.8,0.0
2025-01-23,Greater Noida,,,7.2,0.0
2025-01-24,Greater Noida,13.3,60.4,8.3,0.0
2025-01-25,Greater Noida,11.2,64.9,8.4,0.0
2025-01-26,Greater Noida,13.7,61.5,6.9,0.0
2025-01-27,Greater Noida,10.7,62.7,8.5,0.0
2025-01-28,Greater Noida,13.3,66.4,7.6,0.0
2025-01-29,Greater Noida,13.2,65.4,3.6,18.4
2025-01-30,Greater Noida,3.8,61.2,7.3,0.0
2025-01-31,Greater Noida,13.3,59.0,9.7,0.0
2025-02-01,Greater Noida,12.6,66.2,5.6,0.0
2025-02-02,Greater Noida,12.1,64.6,8.3,0.0
2025-02-03,Greater Noida,13.3,55.0,10.6,0.0
2025-02-04,Greater Noida,12.5,60.0,7.1,11.0
2025-02-05,Greater Noida,11.6,61.8,8.3,0.0
2025-02-06,Greater Noida,12.8,64.2,6.4,0.0
2025-02-07,Greater Noida,15.6,64.6,10.9,0.0
2025-02-08,Greater Noida,13.1,62.0,8.3,0.0
2025-02-09,Greater Noida,14.2,63.1,8.6,0.0
2025-02-10,Greater Noida,14.3,60.9,10.6,0.0
2025-02-11,Greater Noida,17.2,57.8,9.6,0.0
2025-02-12,Greater Noida,16.0,59.3,7.4,0.0
2025-02-13,Greater Noida,15.5,60.3,7.7,0.0
2025-02-14,Greater Noida,16.7,60.0,9.5,0.0
2025-02-15,Greater Noida,13.3,52.4,7.9,0.0
2025-02-16,Greater Noida,16.4,58.3,5.7,0.0
2025-02-17,Greater Noida,19.4,59.9,8.8,0.0
2025-02-18,Greater Noida,17.1,58.5,6.7,0.0
2025-02-19,Greater Noida,17.2,58.5,11.4,0.0
2025-02-20,Greater Noida,18.1,61.3,9.3,11.7
2025-02-21,Greater Noida,15.8,54.9,7.8,0.0
2025-02-22,Greater Noida,15.0,52.5,8.1,0.0
2025-02-23,Greater Noida,15.7,57.5,6.4,0.0
2025-02-24,Greater Noida,18.5,61.8,7.6,0.0
2025-02-25,Greater Noida,17.5,65.4,10.8,0.0
2025-02-26,Greater Noida,20.6,61.6,12.7,0.0
2025-02-27,Greater Noida,18.5,52.5,10.5,0.0
2025-02-28,Greater Noida,16.5,57.3,9.3,0.0
2025-03-01,Greater Noida,17.7,59.1,8.8,0.0
2025-03-02,Greater Noida,15.8,58.6,8.1,0.0
2025-03-03,Greater Noida,19.6,59.9,12.7,0.0
2025-03-04,Greater Noida,19.9,53.9,9.3,0.0
2025-03-05,Greater Noida,19.8,57.7,12.8,0.0
2025-03-06,Greater Noida,22.2,59.0,11.8,0.0
2025-03-07,Greater Noida,22.6,60.5,7.1,0.0
2025-03-08,Greater Noida,20.9,53.8,8.8,0.0
2025-03-09,Greater Noida,18.4,55.5,8.8,0.0
2025-03-10,Greater Noida,22.5,45.9,9.7,0.0
2025-03-11,Greater Noida,22.7,54.1,9.8,0.0
2025-03-12,Greater Noida,22.6,54.3,14.4,0.0
2025-03-13,Greater Noida,23.8,52.2,8.4,0.0
2025-03-14,Greater Noida,21.1,56.8,10.4,0.0
2025-03-15,Greater Noida,25.8,55.7,11.0,0.0
2025-03-16,Greater Noida,21.9,46.8,10.1,0.0
2025-03-17,Greater Noida,24.5,56.5,10.3,0.0
2025-03-18,Greater Noida,21.4,51.8,8.6,0.0
2025-03-19,Greater Noida,22.7,57.3,10.4,0.0
2025-03-20,Greater Noida,26.4,50.1,11.0,0.0
2025-03-21,Greater Noida,24.1,55.2,10.8,0.0
2025-03-22,Greater Noida,25.9,53.8,11.2,0.0
2025-03-23,Greater Noida,25.4,56.0,12.5,0.0
2025-03-24,Greater Noida,25.1,55.1,11.8,0.0
2025-03-25,Greater Noida,27.4,53.4,10.5,0.0
2025-03-26,Greater Noida,25.5,48.2,8.7,0.0
2025-03-27,Greater Noida,23.6,48.3,9.6,0.0
2025-03-28,Greater Noida,25.2,51.7,10.2,0.0
2025-03-29,Greater Noida,27.3,53.9,10.9,0.0
2025-03-30,Greater Noida,27.4,51.3,9.8,0.0
2025-03-31,Greater Noida,24.9,56.1,9.2,0.0
2025-04-01,Greater Noida,26.3,52.3,8.8,0.0
2025-04-02,Greater Noida,26.8,49.5,8.1,0.0
2025-04-03,Greater Noida,27.3,52.1,10.3,0.0
2025-04-04,Greater Noida,26.2,54.0,8.5,0.0
2025-04-05,Greater Noida,27.5,54.2,9.2,0.0
2025-04-06,Greater Noida,27.6,60.3,10.1,0.0
2025-04-07,Greater Noida,29.9,50.0,8.7,0.0
2025-04-08,Greater Noida,30.2,52.2,11.3,0.0
2025-04-09,Greater Noida,29.1,54.1,11.9,8.5
2025-04-10,Greater Noida,26.0,52.2,10.0,0.0
2025-04-11,Greater Noida,30.0,50.2,10.2,0.0
2025-04-12,Greater Noida,28.9,45.9,11.6,0.0
2025-04-13,Greater Noida,28.7,49.9,9.8,0.0
2025-04-14,Greater Noida,29.2,47.6,9.7,0.0
2025-04-15,Greater Noida,29.9,44.8,12.7,4.8
2025-04-16,Greater Noida,29.4,48.5,12.2,0.0
2025-04-17,Greater Noida,31.5,47.4,11.8,0.0
2025-04-18,Greater Noida,32.5,53.8,12.3,0.0
2025-04-19,Greater Noida,29.5,53.8,8.0,0.0
2025-04-20,Greater Noida,32.0,47.7,13.0,0.0
2025-04-21,Greater Noida,31.8,50.2,11.5,0.0
2025-04-22,Greater Noida,32.8,43.7,12.5,0.0
2025-04-23,Greater Noida,32.6,49.1,11.6,0.0
2025-04-24,Greater Noida,30.8,52.6,11.0,20.8
2025-04-25,Greater Noida,22.7,54.3,10.6,0.0
2025-04-26,Greater Noida,33.3,48.0,11.5,0.0
2025-04-27,Greater Noida,34.9,55.1,10.5,0.0
2025-04-28,Greater Noida,30.5,44.7,12.3,0.0
2025-04-29,Greater Noida,34.3,45.8,8.6,0.0
2025-04-30,Greater Noida,35.7,53.6,10.2,0.0
2025-05-01,Greater Noida,34.0,57.4,14.1,0.0
2025-05-02,Greater Noida,35.2,52.7,10.1,0.0
2025-05-03,Greater Noida,33.6,50.6,10.6,0.0
2025-05-04,Greater Noida,34.7,41.9,9.7,0.0
2025-05-05,Greater Noida,32.7,42.6,11.5,0.0
2025-05-06,Greater Noida,31.9,,,21.9
2025-05-07,Greater Noida,28.2,49.3,10.7,0.0
2025-05-08,Greater Noida,34.2,46.4,12.3,0.0
2025-05-09,Greater Noida,35.1,51.1,9.9,0.0
2025-05-10,Greater Noida,34.0,51.3,12.1,0.0
2025-05-11,Greater Noida,34.1,54.7,12.2,0.0
2025-05-12,Greater Noida,36.0,51.6,12.5,16.4
2025-05-13,Greater Noida,26.9,56.0,11.2,0.0
2025-05-14,Greater Noida,37.1,51.2,15.8,0.0
2025-05-15,Greater Noida,37.3,50.8,12.5,0.0
2025-05-16,Greater Noida,37.3,55.6,11.4,0.0
2025-05-17,Greater Noida,37.3,47.6,9.6,18.2
2025-05-18,Greater Noida,30.8,62.9,10.7,4.6
2025-05-19,Greater Noida,35.8,53.2,13.0,0.0
2025-05-20,Greater Noida,37.3,53.4,13.4,0.0
2025-05-21,Greater Noida,39.1,54.1,13.0,0.0
2025-05-22,Greater Noida,39.4,59.7,12.0,0.0
2025-05-23,Greater Noida,35.8,55.5,8.9,0.0
2025-05-24,Greater Noida,37.5,46.1,11.5,0.0
2025-05-25,Greater Noida,39.9,58.3,8.9,15.3
2025-05-26,Greater Noida,30.3,51.6,8.5,0.0
2025-05-27,Greater Noida,38.5,53.6,11.1,0.0
2025-05-28,Greater Noida,38.0,48.2,11.5,0.0
2025-05-29,Greater Noida,37.9,55.7,12.0,2.8
2025-05-30,Greater Noida,38.9,51.2,11.4,14.1
2025-05-31,Greater Noida,35.3,54.5,11.4,4.5
2025-06-01,Greater Noida,38.7,53.2,,0.0
2025-06-02,Greater Noida,38.9,62.3,10.4,17.5
2025-06-03,Greater Noida,29.4,62.8,8.3,0.0
2025-06-04,Greater Noida,39.7,55.3,7.5,8.4
2025-06-05,Greater Noida,40.1,55.6,11.6,14.4
2025-06-06,Greater Noida,33.6,54.2,9.3,28.6
2025-06-07,Greater Noida,31.1,60.4,11.7,40.3
2025-06-08,Greater Noida,29.6,55.0,12.1,0.0
2025-06-09,Greater Noida,40.1,54.9,9.4,29.1
2025-06-10,Greater Noida,30.9,60.8,11.2,6.1
2025-06-11,Greater Noida,37.4,55.1,9.3,9.6
2025-06-12,Greater Noida,38.0,57.4,7.5,16.0
2025-06-13,Greater Noida,31.2,51.5,10.4,0.0
2025-06-14,Greater Noida,41.0,61.0,9.5,0.0
2025-06-15,Greater Noida,36.2,66.3,9.5,27.1
2025-06-16,Greater Noida,33.2,61.7,13.1,0.0
2025-06-17,Greater Noida,40.0,65.0,7.8,0.0
2025-06-18,Greater Noida,41.0,56.1,10.6,0.0
2025-06-19,Greater Noida,37.8,60.8,8.5,0.0
2025-06-20,Greater Noida,38.4,56.4,11.3,10.2
2025-06-21,Greater Noida,36.7,59.6,10.4,0.0
2025-06-22,Greater Noida,39.5,63.9,10.5,0.0
2025-06-23,Greater Noida,39.9,61.6,8.4,0.0
2025-06-24,Greater Noida,41.0,55.9,8.7,0.0
2025-06-25,Greater Noida,37.0,56.6,11.2,0.0
2025-06-26,Greater Noida,40.8,56.6,12.4,4.5
2025-06-27,Greater Noida,84.5,64.4,10.4,0.0
2025-06-28,Greater Noida,39.1,71.0,8.3,0.0
2025-06-29,Greater Noida,37.3,68.5,10.1,0.0
2025-06-30,Greater Noida,40.0,55.8,13.2,0.0
2025-07-01,Greater Noida,35.9,69.4,9.7,0.0
2025-07-02,Greater Noida,40.1,67.7,11.7,0.0
2025-07-03,Greater Noida,37.1,58.0,8.3,0.0
2025-07-04,Greater Noida,39.2,63.3,9.3,32.1
2025-07-05,Greater Noida,30.4,69.1,10.3,6.4
2025-07-06,Greater Noida,37.6,67.2,9.9,0.0
2025-07-07,Greater Noida,38.7,60.0,8.1,0.0
2025-07-08,Greater Noida,37.9,67.9,8.0,31.5
2025-07-09,Greater Noida,29.6,57.1,10.6,0.0
2025-07-10,Greater Noida,40.5,65.0,10.9,0.0
2025-07-11,Greater Noida,39.4,70.6,11.3,0.0
2025-07-12,Greater Noida,38.0,66.3,11.7,28.1
2025-07-13,Greater Noida,29.6,64.4,9.1,0.0
2025-07-14,Greater Noida,36.1,70.1,8.4,12.3
2025-07-15,Greater Noida,35.8,70.6,10.9,26.1
2025-07-16,Greater Noida,27.1,72.0,9.9,0.0
2025-07-17,Greater Noida,39.0,70.4,7.3,0.0
2025-07-18,Greater Noida,38.1,71.3,7.1,32.5
2025-07-19,Greater Noida,32.6,70.0,9.4,0.0
2025-07-20,Greater Noida,36.1,68.2,8.3,0.0
2025-07-21,Greater Noida,37.4,67.6,8.5,36.5
2025-07-22,Greater Noida,31.4,66.3,10.1,8.2
2025-07-23,Greater Noida,35.9,62.4,9.6,0.0
2025-07-24,Greater Noida,36.1,63.4,10.4,0.0
2025-07-25,Greater Noida,37.3,66.1,5.4,26.0
2025-07-26,Greater Noida,28.3,68.2,8.7,0.0
2025-07-27,Greater Noida,37.1,73.0,9.3,0.0
2025-07-28,Greater Noida,35.5,67.0,5.9,0.0
2025-07-29,Greater Noida,36.2,71.1,7.2,0.0
2025-07-30,Greater Noida,33.9,71.4,6.8,13.5
2025-07-31,Greater Noida,33.2,66.0,8.1,5.4
2025-08-01,Greater Noida,33.5,69.3,10.4,24.1
2025-08-02,Greater Noida,26.9,65.8,11.0,0.0
2025-08-03,Greater Noida,33.2,72.0,6.7,0.0
2025-08-04,Greater Noida,36.7,69.1,8.6,0.0
2025-08-05,Greater Noida,35.7,61.7,8.6,16.9
2025-08-06,Greater Noida,25.5,66.9,8.3,0.0
2025-08-07,Greater Noida,34.4,72.7,8.3,0.9
2025-08-08,Greater Noida,32.5,65.2,8.1,9.8
2025-08-09,Greater Noida,30.0,67.6,10.1,23.9
2025-08-10,Greater Noida,25.0,67.8,9.2,0.0
2025-08-11,Greater Noida,35.7,61.3,5.9,19.2
2025-08-12,Greater Noida,24.4,67.3,8.6,0.0
2025-08-13,Greater Noida,34.5,59.5,8.7,0.0
2025-08-14,Greater Noida,32.6,62.4,7.8,0.0
2025-08-15,Greater Noida,33.5,69.0,9.0,6.7
2025-08-16,Greater Noida,29.8,65.9,7.5,0.0
2025-08-17,Greater Noida,34.0,63.1,7.5,0.0
2025-08-18,Greater Noida,31.8,65.8,7.3,0.0
2025-08-19,Greater Noida,30.1,63.6,4.0,0.0
2025-08-20,Greater Noida,30.2,63.7,6.9,0.0
2025-08-21,Greater Noida,31.1,66.1,6.0,0.0
2025-08-22,Greater Noida,29.9,60.3,5.1,0.0
2025-08-23,Greater Noida,32.0,63.2,9.0,0.0
2025-08-24,Greater Noida,30.5,61.6,7.6,13.4
2025-08-25,Greater Noida,31.3,56.3,6.7,0.0
2025-08-26,Greater Noida,28.3,58.7,5.9,3.2
2025-08-27,Greater Noida,30.8,68.5,7.1,0.0
2025-08-28,Greater Noida,28.7,63.5,8.1,0.0
2025-08-29,Greater Noida,29.3,56.5,5.4,22.2
2025-08-30,Greater Noida,,55.4,6.5,0.0
2025-08-31,Greater Noida,26.3,61.0,7.8,0.0
2025-09-01,Greater Noida,29.6,67.5,3.6,22.7
2025-09-02,Greater Noida,23.2,60.3,6.3,7.8
2025-09-03,Greater Noida,25.2,66.1,5.7,0.0
2025-09-04,Greater Noida,28.9,62.1,6.1,0.0
2025-09-05,Greater Noida,29.7,62.5,5.5,0.0
2025-09-06,Greater Noida,27.8,55.1,6.4,0.0
2025-09-07,Greater Noida,27.0,64.0,9.1,15.3
2025-09-08,Greater Noida,15.9,58.8,5.7,26.8
2025-09-09,Greater Noida,19.7,63.4,6.6,0.0
2025-09-10,Greater Noida,26.9,56.6,9.1,0.0
2025-09-11,Greater Noida,25.4,60.5,5.2,0.0
2025-09-12,Greater Noida,26.7,61.0,8.7,0.0
2025-09-13,Greater Noida,25.5,58.9,6.0,0.0
2025-09-14,Greater Noida,25.3,61.1,8.6,0.0
2025-09-15,Greater Noida,26.6,58.3,7.0,0.0
2025-09-16,Greater Noida,23.6,56.7,6.3,0.0
2025-09-17,Greater Noida,26.7,65.6,5.7,11.7
2025-09-18,Greater Noida,20.0,63.3,4.8,0.0
2025-09-19,Greater Noida,23.8,56.0,5.9,0.0
2025-09-20,Greater Noida,27.2,61.3,7.1,0.0
2025-09-21,Greater Noida,25.8,56.0,5.7,0.0
2025-09-22,Greater Noida,24.1,54.2,5.2,0.0
2025-09-23,Greater Noida,22.4,63.0,5.2,0.0
2025-09-24,Greater Noida,22.7,52.1,7.1,0.0
2025-09-25,Greater Noida,23.3,62.6,7.4,3.7
2025-09-26,Greater Noida,23.0,57.8,4.5,0.0
2025-09-27,Greater Noida,22.5,58.0,4.5,0.0
2025-09-28,Greater Noida,22.4,60.5,6.0,0.0
2025-09-29,Greater Noida,21.9,61.2,7.7,0.0
2025-09-30,Greater Noida,19.9,55.6,7.1,28.0
2025-10-01,Greater Noida,12.4,61.8,3.5,0.0
2025-10-02,Greater Noida,22.7,59.4,5.0,0.0
2025-10-03,Greater Noida,19.2,53.9,3.9,0.0
2025-10-04,Greater Noida,20.6,58.3,4.9,0.0
2025-10-05,Greater Noida,19.5,64.5,,0.0
2025-10-06,Greater Noida,20.6,65.8,3.1,0.0
2025-10-07,Greater Noida,19.6,62.0,2.8,21.8
2025-10-08,Greater Noida,13.5,54.4,4.0,0.0
2025-10-09,Greater Noida,20.4,61.2,5.6,0.0
2025-10-10,Greater Noida,17.6,62.7,6.1,0.0
2025-10-11,Greater Noida,20.1,62.3,5.8,0.0
2025-10-12,Greater Noida,17.9,62.6,6.9,0.0
2025-10-13,Greater Noida,17.9,61.0,2.5,0.0
2025-10-14,Greater Noida,18.9,59.3,6.9,0.0
2025-10-15,Greater Noida,17.5,57.2,4.6,0.0
2025-10-16,Greater Noida,19.3,52.1,6.2,0.0
2025-10-17,Greater Noida,16.7,61.2,3.1,0.0
2025-10-18,Greater Noida,16.7,60.6,5.1,0.0
2025-10-19,Greater Noida,,62.2,5.4,0.0
2025-10-20,Greater Noida,16.3,54.7,6.8,0.0
2025-10-21,Greater Noida,18.4,62.7,2.7,0.0
2025-10-22,Greater Noida,17.5,68.5,5.1,0.0
2025-10-23,Greater Noida,18.8,60.7,3.4,0.0
2025-10-24,Greater Noida,19.4,60.2,5.8,0.0
2025-10-25,Greater Noida,14.6,61.8,6.2,0.0
2025-10-26,Greater Noida,15.9,68.8,6.9,0.0
2025-10-27,Greater Noida,13.9,56.6,4.2,0.0
2025-10-28,Greater Noida,,,6.4,0.0
2025-10-29,Greater Noida,14.3,57.7,7.0,0.0
2025-10-30,Greater Noida,13.5,58.8,2.5,0.0
2025-10-31,Greater Noida,13.3,60.9,5.9,0.0
2025-11-01,Greater Noida,14.4,66.6,6.4,0.0
2025-11-02,Greater Noida,12.7,68.5,4.6,0.0
2025-11-03,Greater Noida,15.4,63.2,3.2,0.0
2025-11-04,Greater Noida,12.7,60.0,6.4,0.0
2025-11-05,Greater Noida,17.8,71.6,3.2,0.0
2025-11-06,Greater Noida,13.0,60.0,4.7,0.0
2025-11-07,Greater Noida,13.6,59.5,5.0,0.0
2025-11-08,Greater Noida,11.5,54.8,6.1,0.0
2025-11-09,Greater Noida,15.5,67.6,4.1,0.0
2025-11-10,Greater Noida,14.6,65.9,4.0,0.0
2025-11-11,Greater Noida,13.2,71.8,5.2,0.0
2025-11-12,Greater Noida,10.8,56.7,6.6,0.0
2025-11-13,Greater Noida,12.8,68.2,8.5,0.0
2025-11-14,Greater Noida,10.8,62.7,2.8,15.5
2025-11-15,Greater Noida,5.8,65.7,5.6,0.0
2025-11-16,Greater Noida,13.2,56.0,3.5,0.0
2025-11-17,Greater Noida,12.1,68.5,6.7,3.9
2025-11-18,Greater Noida,8.4,65.9,3.7,0.0
2025-11-19,Greater Noida,10.3,62.6,4.1,0.0
2025-11-20,Greater Noida,12.5,65.5,4.3,0.0
2025-11-21,Greater Noida,13.1,59.9,5.1,0.0
2025-11-22,Greater Noida,12.8,60.7,5.7,0.0
2025-11-23,Greater Noida,8.9,61.2,6.0,0.0
2025-11-24,Greater Noida,11.5,55.7,5.2,0.0
2025-11-25,Greater Noida,12.4,66.7,3.3,0.0
2025-11-26,Greater Noida,8.5,68.0,6.4,0.0
2025-11-27,Greater Noida,10.7,60.5,5.2,0.0
2025-11-28,Greater Noida,11.0,64.8,7.1,0.0
2025-11-29,Greater Noida,10.1,62.4,4.3,0.0
2025-11-30,Greater Noida,7.9,64.8,3.0,0.0
2025-12-01,Greater Noida,9.9,61.0,5.4,36.7
2025-12-02,Greater Noida,1.3,60.1,7.4,0.0
2025-12-03,Greater Noida,10.0,67.8,5.7,0.0
2025-12-04,Greater Noida,9.4,63.4,5.2,0.0
2025-12-05,Greater Noida,9.5,71.8,4.2,0.0
2025-12-06,Greater Noida,10.0,63.9,8.2,0.0
2025-12-07,Greater Noida,10.6,60.1,4.0,0.0
2025-12-08,Greater Noida,9.5,68.7,4.5,0.0
2025-12-09,Greater Noida,9.3,66.4,6.5,0.0
2025-12-10,Greater Noida,9.9,66.8,2.9,0.0
2025-12-11,Greater Noida,7.1,68.7,7.6,0.0
2025-12-12,Greater Noida,10.4,61.3,6.7,0.0
2025-12-13,Greater Noida,9.7,63.4,7.1,0.0
2025-12-14,Greater Noida,9.7,63.3,6.7,0.0
2025-12-15,Greater Noida,11.0,58.8,5.6,0.0
2025-12-16,Greater Noida,6.9,62.9,4.3,0.0
2025-12-17,Greater Noida,6.9,69.3,5.7,0.0
2025-12-18,Greater Noida,10.0,64.9,4.5,0.0
2025-12-19,Greater Noida,9.6,58.6,6.7,0.0
2025-12-20,Greater Noida,9.8,57.8,7.3,0.0
2025-12-21,Greater Noida,9.0,70.7,8.3,0.0
2025-12-22,Greater Noida,10.5,63.6,,0.0
2025-12-23,Greater Noida,10.9,61.4,7.6,0.0
2025-12-24,Greater Noida,10.3,62.9,5.8,0.0
2025-12-25,Greater Noida,9.3,58.1,5.5,0.0
2025-12-26,Greater Noida,6.7,69.6,7.0,0.0
2025-12-27,Greater Noida,10.8,62.4,5.8,0.0
2025-12-28,Greater Noida,11.5,69.4,6.8,0.0
2025-12-29,Greater Noida,10.7,64.1,4.8,0.0
2025-12-30,Greater Noida,8.6,69.6,5.1,46.1
2025-12-31,Greater Noida,2.3,64.9,7.5,0.0
